-- 100 INSERT statements for USERS table
INSERT INTO USERS (USERNAME, NAME, PHONE_NUMBER, AGE, EMAIL_ID, PASSWORD) VALUES ('john_doe', 'John Doe', '5551234567', 28, 'john.doe@email.com', 'Password123');
INSERT INTO USERS (USERNAME, NAME, PHONE_NUMBER, AGE, EMAIL_ID, PASSWORD) VALUES ('jane_smith', 'Jane Smith', '5559876543', 34, 'jane.smith@email.com', 'Smith2025!');
INSERT INTO USERS (USERNAME, NAME, PHONE_NUMBER, AGE, EMAIL_ID, PASSWORD) VALUES ('mike_jones', 'Michael Jones', '5552223333', 42, 'mjones@gmail.com', 'MikeJ1983');
INSERT INTO USERS (USERNAME, NAME, PHONE_NUMBER, AGE, EMAIL_ID, PASSWORD) VALUES ('sara_lee', 'Sara Lee', '5554445555', 29, 'sara.lee@yahoo.com', 'BakeryFan99');
INSERT INTO USERS (USERNAME, NAME, PHONE_NUMBER, AGE, EMAIL_ID, PASSWORD) VALUES ('robert_williams', 'Robert Williams', '5556667777', 51, 'rwilliams@outlook.com', 'Rob#1974');
INSERT INTO USERS (USERNAME, NAME, PHONE_NUMBER, AGE, EMAIL_ID, PASSWORD) VALUES ('emma_wilson', 'Emma Wilson', '5557778888', 26, 'emma.w@hotmail.com', 'EmmaW1998!');
INSERT INTO USERS (USERNAME, NAME, PHONE_NUMBER, AGE, EMAIL_ID, PASSWORD) VALUES ('david_brown', 'David Brown', '5558889999', 37, 'dbrown@gmail.com', 'BrownD2025');
INSERT INTO USERS (USERNAME, NAME, PHONE_NUMBER, AGE, EMAIL_ID, PASSWORD) VALUES ('lisa_garcia', 'Lisa Garcia', '5551112222', 31, 'lgarcia@yahoo.com', 'Garcia1993');
INSERT INTO USERS (USERNAME, NAME, PHONE_NUMBER, AGE, EMAIL_ID, PASSWORD) VALUES ('james_miller', 'James Miller', '5553334444', 45, 'jmiller@gmail.com', 'MillerTime80');
INSERT INTO USERS (USERNAME, NAME, PHONE_NUMBER, AGE, EMAIL_ID, PASSWORD) VALUES ('olivia_davis', 'Olivia Davis', '5555556666', 24, 'olivia.d@email.com', 'OliviaD2001');
INSERT INTO USERS (USERNAME, NAME, PHONE_NUMBER, AGE, EMAIL_ID, PASSWORD) VALUES ('william_moore', 'William Moore', '5557779999', 39, 'wmoore@outlook.com', 'Will1986!');
INSERT INTO USERS (USERNAME, NAME, PHONE_NUMBER, AGE, EMAIL_ID, PASSWORD) VALUES ('sophia_taylor', 'Sophia Taylor', '5552224444', 33, 'staylor@gmail.com', 'SophieT92');
INSERT INTO USERS (USERNAME, NAME, PHONE_NUMBER, AGE, EMAIL_ID, PASSWORD) VALUES ('ethan_thomas', 'Ethan Thomas', '5554446666', 27, 'ethant@yahoo.com', 'EthanRocks98');
INSERT INTO USERS (USERNAME, NAME, PHONE_NUMBER, AGE, EMAIL_ID, PASSWORD) VALUES ('ava_anderson', 'Ava Anderson', '5558883333', 30, 'aanderson@email.com', 'AvaA1995!');
INSERT INTO USERS (USERNAME, NAME, PHONE_NUMBER, AGE, EMAIL_ID, PASSWORD) VALUES ('noah_jackson', 'Noah Jackson', '5551117777', 36, 'njackson@hotmail.com', 'NoahJ1989');
INSERT INTO USERS (USERNAME, NAME, PHONE_NUMBER, AGE, EMAIL_ID, PASSWORD) VALUES ('mia_white', 'Mia White', '5553339999', 25, 'mwhite@gmail.com', 'MiaWhite2000');
INSERT INTO USERS (USERNAME, NAME, PHONE_NUMBER, AGE, EMAIL_ID, PASSWORD) VALUES ('liam_harris', 'Liam Harris', '5556664444', 41, 'lharris@yahoo.com', 'LiamH1984!');
INSERT INTO USERS (USERNAME, NAME, PHONE_NUMBER, AGE, EMAIL_ID, PASSWORD) VALUES ('charlotte_martin', 'Charlotte Martin', '5559991111', 32, 'cmartin@email.com', 'CharlotteM93');
INSERT INTO USERS (USERNAME, NAME, PHONE_NUMBER, AGE, EMAIL_ID, PASSWORD) VALUES ('mason_thompson', 'Mason Thompson', '5552228888', 29, 'mthompson@outlook.com', 'Mason1996');
INSERT INTO USERS (USERNAME, NAME, PHONE_NUMBER, AGE, EMAIL_ID, PASSWORD) VALUES ('amelia_garcia', 'Amelia Garcia', '5555553333', 38, 'agarcia@gmail.com', 'Amelia1987!');
INSERT INTO USERS (USERNAME, NAME, PHONE_NUMBER, AGE, EMAIL_ID, PASSWORD) VALUES ('lucas_rodriguez', 'Lucas Rodriguez', '5558884444', 26, 'lrodriguez@yahoo.com', 'Lucas1999');
INSERT INTO USERS (USERNAME, NAME, PHONE_NUMBER, AGE, EMAIL_ID, PASSWORD) VALUES ('harper_wilson', 'Harper Wilson', '5551116666', 31, 'hwilson@hotmail.com', 'HarperW1994');
INSERT INTO USERS (USERNAME, NAME, PHONE_NUMBER, AGE, EMAIL_ID, PASSWORD) VALUES ('elijah_martinez', 'Elijah Martinez', '5554442222', 43, 'emartinez@gmail.com', 'ElijahM1982!');
INSERT INTO USERS (USERNAME, NAME, PHONE_NUMBER, AGE, EMAIL_ID, PASSWORD) VALUES ('evelyn_anderson', 'Evelyn Anderson', '5557771111', 28, 'eanderson@email.com', 'Evelyn1997');
INSERT INTO USERS (USERNAME, NAME, PHONE_NUMBER, AGE, EMAIL_ID, PASSWORD) VALUES ('aiden_thomas', 'Aiden Thomas', '5553335555', 35, 'athomas@yahoo.com', 'AidenT1990');
INSERT INTO USERS (USERNAME, NAME, PHONE_NUMBER, AGE, EMAIL_ID, PASSWORD) VALUES ('abigail_jackson', 'Abigail Jackson', '5556668888', 27, 'ajackson@outlook.com', 'Abby1998!');
INSERT INTO USERS (USERNAME, NAME, PHONE_NUMBER, AGE, EMAIL_ID, PASSWORD) VALUES ('benjamin_white', 'Benjamin White', '5559992222', 44, 'bwhite@gmail.com', 'BenW1981');
INSERT INTO USERS (USERNAME, NAME, PHONE_NUMBER, AGE, EMAIL_ID, PASSWORD) VALUES ('emily_harris', 'Emily Harris', '5552224444', 30, 'eharris@email.com', 'EmilyH1995');
INSERT INTO USERS (USERNAME, NAME, PHONE_NUMBER, AGE, EMAIL_ID, PASSWORD) VALUES ('daniel_martin', 'Daniel Martin', '5555557777', 39, 'dmartin@yahoo.com', 'DanielM1986!');
INSERT INTO USERS (USERNAME, NAME, PHONE_NUMBER, AGE, EMAIL_ID, PASSWORD) VALUES ('elizabeth_thompson', 'Elizabeth Thompson', '5558881111', 25, 'ethompson@hotmail.com', 'LizzyT2000');
INSERT INTO USERS (USERNAME, NAME, PHONE_NUMBER, AGE, EMAIL_ID, PASSWORD) VALUES ('henry_garcia', 'Henry Garcia', '5551113333', 33, 'hgarcia@gmail.com', 'HenryG1992');
INSERT INTO USERS (USERNAME, NAME, PHONE_NUMBER, AGE, EMAIL_ID, PASSWORD) VALUES ('victoria_rodriguez', 'Victoria Rodriguez', '5554446666', 28, 'vrodriguez@email.com', 'VickyR1997!');
INSERT INTO USERS (USERNAME, NAME, PHONE_NUMBER, AGE, EMAIL_ID, PASSWORD) VALUES ('alexander_wilson', 'Alexander Wilson', '5557779999', 41, 'awilson@outlook.com', 'AlexW1984');
INSERT INTO USERS (USERNAME, NAME, PHONE_NUMBER, AGE, EMAIL_ID, PASSWORD) VALUES ('sofia_martinez', 'Sofia Martinez', '5552222222', 29, 'smartinez@yahoo.com', 'SofiaM1996');
INSERT INTO USERS (USERNAME, NAME, PHONE_NUMBER, AGE, EMAIL_ID, PASSWORD) VALUES ('matthew_anderson', 'Matthew Anderson', '5555555555', 36, 'manderson@gmail.com', 'MattA1989!');
INSERT INTO USERS (USERNAME, NAME, PHONE_NUMBER, AGE, EMAIL_ID, PASSWORD) VALUES ('camila_thomas', 'Camila Thomas', '5558888888', 24, 'cthomas@email.com', 'CamilaT2001');
INSERT INTO USERS (USERNAME, NAME, PHONE_NUMBER, AGE, EMAIL_ID, PASSWORD) VALUES ('joseph_jackson', 'Joseph Jackson', '5551111111', 47, 'jjackson@hotmail.com', 'JoeJ1978');
INSERT INTO USERS (USERNAME, NAME, PHONE_NUMBER, AGE, EMAIL_ID, PASSWORD) VALUES ('scarlett_white', 'Scarlett White', '5554444444', 32, 'swhite@yahoo.com', 'ScarlettW1993!');
INSERT INTO USERS (USERNAME, NAME, PHONE_NUMBER, AGE, EMAIL_ID, PASSWORD) VALUES ('samuel_harris', 'Samuel Harris', '5557777777', 38, 'sharris@gmail.com', 'SamH1987');
INSERT INTO USERS (USERNAME, NAME, PHONE_NUMBER, AGE, EMAIL_ID, PASSWORD) VALUES ('madison_martin', 'Madison Martin', '5552222222', 26, 'mmartin@outlook.com', 'MaddieM1999');
INSERT INTO USERS (USERNAME, NAME, PHONE_NUMBER, AGE, EMAIL_ID, PASSWORD) VALUES ('sebastian_thompson', 'Sebastian Thompson', '5555555555', 34, 'sthompson@email.com', 'SebastianT1991!');
INSERT INTO USERS (USERNAME, NAME, PHONE_NUMBER, AGE, EMAIL_ID, PASSWORD) VALUES ('aria_garcia', 'Aria Garcia', '5558888888', 29, 'agarcia2@yahoo.com', 'AriaG1996');
INSERT INTO USERS (USERNAME, NAME, PHONE_NUMBER, AGE, EMAIL_ID, PASSWORD) VALUES ('david_rodriguez', 'David Rodriguez', '5551111111', 42, 'drodriguez@gmail.com', 'DavidR1983');
INSERT INTO USERS (USERNAME, NAME, PHONE_NUMBER, AGE, EMAIL_ID, PASSWORD) VALUES ('zoe_wilson', 'Zoe Wilson', '5554444444', 27, 'zwilson@hotmail.com', 'ZoeW1998!');
INSERT INTO USERS (USERNAME, NAME, PHONE_NUMBER, AGE, EMAIL_ID, PASSWORD) VALUES ('jackson_martinez', 'Jackson Martinez', '5557777777', 35, 'jmartinez@email.com', 'JackM1990');
INSERT INTO USERS (USERNAME, NAME, PHONE_NUMBER, AGE, EMAIL_ID, PASSWORD) VALUES ('penelope_anderson', 'Penelope Anderson', '5552222222', 31, 'panderson@gmail.com', 'PennyA1994');
INSERT INTO USERS (USERNAME, NAME, PHONE_NUMBER, AGE, EMAIL_ID, PASSWORD) VALUES ('gabriel_thomas', 'Gabriel Thomas', '5555555555', 40, 'gthomas@yahoo.com', 'GabeT1985!');
INSERT INTO USERS (USERNAME, NAME, PHONE_NUMBER, AGE, EMAIL_ID, PASSWORD) VALUES ('riley_jackson', 'Riley Jackson', '5558888888', 25, 'rjackson@outlook.com', 'RileyJ2000');
INSERT INTO USERS (USERNAME, NAME, PHONE_NUMBER, AGE, EMAIL_ID, PASSWORD) VALUES ('luke_white', 'Luke White', '5551111111', 37, 'lwhite@email.com', 'LukeW1988');
INSERT INTO USERS (USERNAME, NAME, PHONE_NUMBER, AGE, EMAIL_ID, PASSWORD) VALUES ('nora_harris', 'Nora Harris', '5554444444', 28, 'nharris@gmail.com', 'NoraH1997!');
INSERT INTO USERS (USERNAME, NAME, PHONE_NUMBER, AGE, EMAIL_ID, PASSWORD) VALUES ('carter_martin', 'Carter Martin', '5557777777', 33, 'cmartin2@yahoo.com', 'CarterM1992');
INSERT INTO USERS (USERNAME, NAME, PHONE_NUMBER, AGE, EMAIL_ID, PASSWORD) VALUES ('chloe_thompson', 'Chloe Thompson', '5552222222', 30, 'cthompson@hotmail.com', 'ChloeT1995');
INSERT INTO USERS (USERNAME, NAME, PHONE_NUMBER, AGE, EMAIL_ID, PASSWORD) VALUES ('jack_garcia', 'Jack Garcia', '5555555555', 45, 'jgarcia@gmail.com', 'JackG1980!');
INSERT INTO USERS (USERNAME, NAME, PHONE_NUMBER, AGE, EMAIL_ID, PASSWORD) VALUES ('lily_rodriguez', 'Lily Rodriguez', '5558888888', 26, 'lrodriguez2@email.com', 'LilyR1999');
INSERT INTO USERS (USERNAME, NAME, PHONE_NUMBER, AGE, EMAIL_ID, PASSWORD) VALUES ('owen_wilson', 'Owen Wilson', '5551111111', 39, 'owilson@yahoo.com', 'OwenW1986');
INSERT INTO USERS (USERNAME, NAME, PHONE_NUMBER, AGE, EMAIL_ID, PASSWORD) VALUES ('hannah_martinez', 'Hannah Martinez', '5554444444', 27, 'hmartinez@outlook.com', 'HannahM1998!');
INSERT INTO USERS (USERNAME, NAME, PHONE_NUMBER, AGE, EMAIL_ID, PASSWORD) VALUES ('wyatt_anderson', 'Wyatt Anderson', '5557777777', 32, 'wanderson@gmail.com', 'WyattA1993');
INSERT INTO USERS (USERNAME, NAME, PHONE_NUMBER, AGE, EMAIL_ID, PASSWORD) VALUES ('addison_thomas', 'Addison Thomas', '5552222222', 29, 'athomas2@email.com', 'AddisonT1996');
INSERT INTO USERS (USERNAME, NAME, PHONE_NUMBER, AGE, EMAIL_ID, PASSWORD) VALUES ('jayden_jackson', 'Jayden Jackson', '5555555555', 48, 'jjackson2@yahoo.com', 'JaydenJ1977!');
INSERT INTO USERS (USERNAME, NAME, PHONE_NUMBER, AGE, EMAIL_ID, PASSWORD) VALUES ('natalie_white', 'Natalie White', '5558888888', 34, 'nwhite@gmail.com', 'NatalieW1991');
INSERT INTO USERS (USERNAME, NAME, PHONE_NUMBER, AGE, EMAIL_ID, PASSWORD) VALUES ('leo_harris', 'Leo Harris', '5551111111', 28, 'lharris2@hotmail.com', 'LeoH1997');
INSERT INTO USERS (USERNAME, NAME, PHONE_NUMBER, AGE, EMAIL_ID, PASSWORD) VALUES ('ella_martin', 'Ella Martin', '5554444444', 37, 'emartin@gmail.com', 'EllaM1988!');
INSERT INTO USERS (USERNAME, NAME, PHONE_NUMBER, AGE, EMAIL_ID, PASSWORD) VALUES ('julian_thompson', 'Julian Thompson', '5557777777', 25, 'jthompson@yahoo.com', 'JulianT2000');
INSERT INTO USERS (USERNAME, NAME, PHONE_NUMBER, AGE, EMAIL_ID, PASSWORD) VALUES ('grace_garcia', 'Grace Garcia', '5552222222', 31, 'ggarcia@email.com', 'GraceG1994');
INSERT INTO USERS (USERNAME, NAME, PHONE_NUMBER, AGE, EMAIL_ID, PASSWORD) VALUES ('isaac_rodriguez', 'Isaac Rodriguez', '5555555555', 43, 'irodriguez@outlook.com', 'IsaacR1982!');
INSERT INTO USERS (USERNAME, NAME, PHONE_NUMBER, AGE, EMAIL_ID, PASSWORD) VALUES ('ellie_wilson', 'Ellie Wilson', '5558888888', 29, 'ewilson@gmail.com', 'EllieW1996');
INSERT INTO USERS (USERNAME, NAME, PHONE_NUMBER, AGE, EMAIL_ID, PASSWORD) VALUES ('hudson_martinez', 'Hudson Martinez', '5551111111', 36, 'hmartinez2@yahoo.com', 'HudsonM1989');
INSERT INTO USERS (USERNAME, NAME, PHONE_NUMBER, AGE, EMAIL_ID, PASSWORD) VALUES ('stella_anderson', 'Stella Anderson', '5554444444', 27, 'sanderson@email.com', 'StellaA1998!');
INSERT INTO USERS (USERNAME, NAME, PHONE_NUMBER, AGE, EMAIL_ID, PASSWORD) VALUES ('xavier_thomas', 'Xavier Thomas', '5557777777', 40, 'xthomas@gmail.com', 'XavierT1985');
INSERT INTO USERS (USERNAME, NAME, PHONE_NUMBER, AGE, EMAIL_ID, PASSWORD) VALUES ('ivy_jackson', 'Ivy Jackson', '5552222222', 26, 'ijackson@hotmail.com', 'IvyJ1999');
INSERT INTO USERS (USERNAME, NAME, PHONE_NUMBER, AGE, EMAIL_ID, PASSWORD) VALUES ('adam_white', 'Adam White', '5555555555', 33, 'awhite@yahoo.com', 'AdamW1992!');
INSERT INTO USERS (USERNAME, NAME, PHONE_NUMBER, AGE, EMAIL_ID, PASSWORD) VALUES ('aubrey_harris', 'Aubrey Harris', '5558888888', 30, 'aharris@gmail.com', 'AubreyH1995');
INSERT INTO USERS (USERNAME, NAME, PHONE_NUMBER, AGE, EMAIL_ID, PASSWORD) VALUES ('josiah_martin', 'Josiah Martin', '5551111111', 44, 'jmartin@email.com', 'JosiahM1981');
INSERT INTO USERS (USERNAME, NAME, PHONE_NUMBER, AGE, EMAIL_ID, PASSWORD) VALUES ('bella_thompson', 'Bella Thompson', '5554444444', 28, 'bthompson@outlook.com', 'BellaT1997!');
INSERT INTO USERS (USERNAME, NAME, PHONE_NUMBER, AGE, EMAIL_ID, PASSWORD) VALUES ('asher_garcia', 'Asher Garcia', '5557777777', 35, 'agarcia3@yahoo.com', 'AsherG1990');
INSERT INTO USERS (USERNAME, NAME, PHONE_NUMBER, AGE, EMAIL_ID, PASSWORD) VALUES ('skylar_rodriguez', 'Skylar Rodriguez', '5552222222', 25, 'srodriguez@gmail.com', 'SkylarR2000');
INSERT INTO USERS (USERNAME, NAME, PHONE_NUMBER, AGE, EMAIL_ID, PASSWORD) VALUES ('mateo_wilson', 'Mateo Wilson', '5555555555', 38, 'mwilson@hotmail.com', 'MateoW1987!');
INSERT INTO USERS (USERNAME, NAME, PHONE_NUMBER, AGE, EMAIL_ID, PASSWORD) VALUES ('paisley_martinez', 'Paisley Martinez', '5558888888', 27, 'pmartinez@email.com', 'PaisleyM1998');
INSERT INTO USERS (USERNAME, NAME, PHONE_NUMBER, AGE, EMAIL_ID, PASSWORD) VALUES ('jonathan_anderson', 'Jonathan Anderson', '5551111111', 32, 'janderson@gmail.com', 'JonA1993');
INSERT INTO USERS (USERNAME, NAME, PHONE_NUMBER, AGE, EMAIL_ID, PASSWORD) VALUES ('naomi_thomas', 'Naomi Thomas', '5554444444', 29, 'nthomas@yahoo.com', 'NaomiT1996!');
INSERT INTO USERS (USERNAME, NAME, PHONE_NUMBER, AGE, EMAIL_ID, PASSWORD) VALUES ('ezra_jackson', 'Ezra Jackson', '5557777777', 41, 'ejackson@outlook.com', 'EzraJ1984');
INSERT INTO USERS (USERNAME, NAME, PHONE_NUMBER, AGE, EMAIL_ID, PASSWORD) VALUES ('kennedy_white', 'Kennedy White', '5552222222', 26, 'kwhite@gmail.com', 'KennedyW1999');
INSERT INTO USERS (USERNAME, NAME, PHONE_NUMBER, AGE, EMAIL_ID, PASSWORD) VALUES ('greyson_harris', 'Greyson Harris', '5555555555', 34, 'gharris@email.com', 'GreysonH1991!');
INSERT INTO USERS (USERNAME, NAME, PHONE_NUMBER, AGE, EMAIL_ID, PASSWORD) VALUES ('kinsley_martin', 'Kinsley Martin', '5558888888', 31, 'kmartin@yahoo.com', 'KinsleyM1994');
INSERT INTO USERS (USERNAME, NAME, PHONE_NUMBER, AGE, EMAIL_ID, PASSWORD) VALUES ('axel_thompson', 'Axel Thompson', '5551111111', 39, 'athompson@gmail.com', 'AxelT1986');
INSERT INTO USERS (USERNAME, NAME, PHONE_NUMBER, AGE, EMAIL_ID, PASSWORD) VALUES ('willow_garcia', 'Willow Garcia', '5554444444', 28, 'wgarcia@hotmail.com', 'WillowG1997!');
INSERT INTO USERS (USERNAME, NAME, PHONE_NUMBER, AGE, EMAIL_ID, PASSWORD) VALUES ('miles_rodriguez', 'Miles Rodriguez', '5557777777', 46, 'mrodriguez@email.com', 'MilesR1979');
INSERT INTO USERS (USERNAME, NAME, PHONE_NUMBER, AGE, EMAIL_ID, PASSWORD) VALUES ('hazel_wilson', 'Hazel Wilson', '5552222222', 30, 'hwilson2@gmail.com', 'HazelW1995');
INSERT INTO USERS (USERNAME, NAME, PHONE_NUMBER, AGE, EMAIL_ID, PASSWORD) VALUES ('levi_martinez', 'Levi Martinez', '5555555555', 36, 'lmartinez@yahoo.com', 'LeviM1989!');
INSERT INTO USERS (USERNAME, NAME, PHONE_NUMBER, AGE, EMAIL_ID, PASSWORD) VALUES ('violet_anderson', 'Violet Anderson', '5558888888', 25, 'vanderson@outlook.com', 'VioletA2000');
INSERT INTO USERS (USERNAME, NAME, PHONE_NUMBER, AGE, EMAIL_ID, PASSWORD) VALUES ('rowan_thomas', 'Rowan Thomas', '5551111111', 33, 'rthomas@gmail.com', 'RowanT1992');
INSERT INTO USERS (USERNAME, NAME, PHONE_NUMBER, AGE, EMAIL_ID, PASSWORD) VALUES ('kai_jackson', 'Kai Jackson', '5554444444', 27, 'kjackson@email.com', 'KaiJ1998!');
INSERT INTO USERS (USERNAME, NAME, PHONE_NUMBER, AGE, EMAIL_ID, PASSWORD) VALUES ('ruby_white', 'Ruby White', '5557777777', 42, 'rwhite@yahoo.com', 'RubyW1983');
INSERT INTO USERS (USERNAME, NAME, PHONE_NUMBER, AGE, EMAIL_ID, PASSWORD) VALUES ('ryder_harris', 'Ryder Harris', '5552222222', 29, 'rharris@gmail.com', 'RyderH1996');
INSERT INTO USERS (USERNAME, NAME, PHONE_NUMBER, AGE, EMAIL_ID, PASSWORD) VALUES ('nova_martin', 'Nova Martin', '5555555555', 34, 'nmartin@hotmail.com', 'NovaM1991!');
INSERT INTO USERS (USERNAME, NAME, PHONE_NUMBER, AGE, EMAIL_ID, PASSWORD) VALUES ('sawyer_thompson', 'Sawyer Thompson', '5558888888', 28, 'sthompson2@email.com', 'SawyerT1997');
INSERT INTO USERS (USERNAME, NAME, PHONE_NUMBER, AGE, EMAIL_ID, PASSWORD) VALUES ('iris_garcia', 'Iris Garcia', '5551111111', 32, 'igarcia@gmail.com', 'IrisG1993');
INSERT INTO USERS (USERNAME, NAME, PHONE_NUMBER, AGE, EMAIL_ID, PASSWORD) VALUES ('nash_rodriguez', 'Nash Rodriguez', '5554444444', 38, 'nrodriguez@yahoo.com', 'NashR1987!');
INSERT INTO USERS (USERNAME, NAME, PHONE_NUMBER, AGE, EMAIL_ID, PASSWORD) VALUES ('piper_wilson', 'Piper Wilson', '5557777777', 26, 'pwilson@outlook.com', 'PiperW1999');
INSERT INTO EVENTS (EVENT_ID, EVENT_TYPE, EVENT_NAME, VENUE_ID, LOCATION, PERFORMER_ID, DATE_AND_TIME) VALUES ('EVT001', 'MUSICAL', 'MUSICAL Event 001', 'VENUE001', 'Mumbai', 'PERF001', '2025-04-15 19:30:00');
INSERT INTO EVENTS (EVENT_ID, EVENT_TYPE, EVENT_NAME, VENUE_ID, LOCATION, PERFORMER_ID, DATE_AND_TIME) VALUES ('EVT002', 'COSPLAY', 'COSPLAY Event 002', 'VENUE002', 'Delhi', 'PERF002', '2025-05-02 14:00:00');
INSERT INTO EVENTS (EVENT_ID, EVENT_TYPE, EVENT_NAME, VENUE_ID, LOCATION, PERFORMER_ID, DATE_AND_TIME) VALUES ('EVT003', 'DANCE', 'DANCE Event 003', 'VENUE003', 'Bangalore', 'PERF003', '2025-05-20 20:00:00');
INSERT INTO EVENTS (EVENT_ID, EVENT_TYPE, EVENT_NAME, VENUE_ID, LOCATION, PERFORMER_ID, DATE_AND_TIME) VALUES ('EVT004', 'STANDUP', 'STANDUP Event 004', 'VENUE004', 'Chennai', 'PERF004', '2025-06-07 21:00:00');
INSERT INTO EVENTS (EVENT_ID, EVENT_TYPE, EVENT_NAME, VENUE_ID, LOCATION, PERFORMER_ID, DATE_AND_TIME) VALUES ('EVT005', 'IPL SCREENING', 'IPL SCREENING Event 005', 'VENUE005', 'Hyderabad', 'PERF005', '2025-06-25 18:30:00');
INSERT INTO EVENTS (EVENT_ID, EVENT_TYPE, EVENT_NAME, VENUE_ID, LOCATION, PERFORMER_ID, DATE_AND_TIME) VALUES ('EVT006', 'OPEN MIC', 'OPEN MIC Event 006', 'VENUE006', 'Kolkata', 'PERF006', '2025-07-13 19:00:00');
INSERT INTO EVENTS (EVENT_ID, EVENT_TYPE, EVENT_NAME, VENUE_ID, LOCATION, PERFORMER_ID, DATE_AND_TIME) VALUES ('EVT007', 'MUSICAL', 'MUSICAL Event 007', 'VENUE007', 'Pune', 'PERF007', '2025-07-31 20:30:00');
INSERT INTO EVENTS (EVENT_ID, EVENT_TYPE, EVENT_NAME, VENUE_ID, LOCATION, PERFORMER_ID, DATE_AND_TIME) VALUES ('EVT008', 'COSPLAY', 'COSPLAY Event 008', 'VENUE008', 'Mumbai', 'PERF008', '2025-08-18 15:00:00');
INSERT INTO EVENTS (EVENT_ID, EVENT_TYPE, EVENT_NAME, VENUE_ID, LOCATION, PERFORMER_ID, DATE_AND_TIME) VALUES ('EVT009', 'DANCE', 'DANCE Event 009', 'VENUE009', 'Delhi', 'PERF009', '2025-09-05 19:30:00');
INSERT INTO EVENTS (EVENT_ID, EVENT_TYPE, EVENT_NAME, VENUE_ID, LOCATION, PERFORMER_ID, DATE_AND_TIME) VALUES ('EVT010', 'STANDUP', 'STANDUP Event 010', 'VENUE010', 'Bangalore', 'PERF010', '2025-09-23 21:00:00');
INSERT INTO EVENTS (EVENT_ID, EVENT_TYPE, EVENT_NAME, VENUE_ID, LOCATION, PERFORMER_ID, DATE_AND_TIME) VALUES ('EVT011', 'IPL SCREENING', 'IPL SCREENING Event 011', 'VENUE011', 'Chennai', 'PERF011', '2025-10-11 17:00:00');
INSERT INTO EVENTS (EVENT_ID, EVENT_TYPE, EVENT_NAME, VENUE_ID, LOCATION, PERFORMER_ID, DATE_AND_TIME) VALUES ('EVT012', 'OPEN MIC', 'OPEN MIC Event 012', 'VENUE012', 'Hyderabad', 'PERF012', '2025-10-29 19:30:00');
INSERT INTO EVENTS (EVENT_ID, EVENT_TYPE, EVENT_NAME, VENUE_ID, LOCATION, PERFORMER_ID, DATE_AND_TIME) VALUES ('EVT013', 'MUSICAL', 'MUSICAL Event 013', 'VENUE013', 'Kolkata', 'PERF013', '2025-11-16 20:00:00');
INSERT INTO EVENTS (EVENT_ID, EVENT_TYPE, EVENT_NAME, VENUE_ID, LOCATION, PERFORMER_ID, DATE_AND_TIME) VALUES ('EVT014', 'COSPLAY', 'COSPLAY Event 014', 'VENUE014', 'Pune', 'PERF014', '2025-12-04 14:30:00');
INSERT INTO EVENTS (EVENT_ID, EVENT_TYPE, EVENT_NAME, VENUE_ID, LOCATION, PERFORMER_ID, DATE_AND_TIME) VALUES ('EVT015', 'DANCE', 'DANCE Event 015', 'VENUE015', 'Mumbai', 'PERF015', '2025-12-22 19:00:00');
INSERT INTO EVENTS (EVENT_ID, EVENT_TYPE, EVENT_NAME, VENUE_ID, LOCATION, PERFORMER_ID, DATE_AND_TIME) VALUES ('EVT016', 'STANDUP', 'STANDUP Event 016', 'VENUE016', 'Delhi', 'PERF016', '2026-01-09 20:30:00');
INSERT INTO EVENTS (EVENT_ID, EVENT_TYPE, EVENT_NAME, VENUE_ID, LOCATION, PERFORMER_ID, DATE_AND_TIME) VALUES ('EVT017', 'IPL SCREENING', 'IPL SCREENING Event 017', 'VENUE017', 'Bangalore', 'PERF017', '2026-01-27 18:00:00');
INSERT INTO EVENTS (EVENT_ID, EVENT_TYPE, EVENT_NAME, VENUE_ID, LOCATION, PERFORMER_ID, DATE_AND_TIME) VALUES ('EVT018', 'OPEN MIC', 'OPEN MIC Event 018', 'VENUE018', 'Chennai', 'PERF018', '2026-02-14 19:30:00');
INSERT INTO EVENTS (EVENT_ID, EVENT_TYPE, EVENT_NAME, VENUE_ID, LOCATION, PERFORMER_ID, DATE_AND_TIME) VALUES ('EVT019', 'MUSICAL', 'MUSICAL Event 019', 'VENUE019', 'Hyderabad', 'PERF019', '2026-03-04 20:00:00');
INSERT INTO EVENTS (EVENT_ID, EVENT_TYPE, EVENT_NAME, VENUE_ID, LOCATION, PERFORMER_ID, DATE_AND_TIME) VALUES ('EVT020', 'COSPLAY', 'COSPLAY Event 020', 'VENUE020', 'Kolkata', 'PERF020', '2026-03-22 15:30:00');
INSERT INTO EVENTS (EVENT_ID, EVENT_TYPE, EVENT_NAME, VENUE_ID, LOCATION, PERFORMER_ID, DATE_AND_TIME) VALUES ('EVT021', 'DANCE', 'DANCE Event 021', 'VENUE021', 'Pune', 'PERF021', '2025-04-18 19:00:00');
INSERT INTO EVENTS (EVENT_ID, EVENT_TYPE, EVENT_NAME, VENUE_ID, LOCATION, PERFORMER_ID, DATE_AND_TIME) VALUES ('EVT022', 'STANDUP', 'STANDUP Event 022', 'VENUE022', 'Mumbai', 'PERF022', '2025-05-06 20:30:00');
INSERT INTO EVENTS (EVENT_ID, EVENT_TYPE, EVENT_NAME, VENUE_ID, LOCATION, PERFORMER_ID, DATE_AND_TIME) VALUES ('EVT023', 'IPL SCREENING', 'IPL SCREENING Event 023', 'VENUE023', 'Delhi', 'PERF023', '2025-05-24 17:30:00');
INSERT INTO EVENTS (EVENT_ID, EVENT_TYPE, EVENT_NAME, VENUE_ID, LOCATION, PERFORMER_ID, DATE_AND_TIME) VALUES ('EVT024', 'OPEN MIC', 'OPEN MIC Event 024', 'VENUE024', 'Bangalore', 'PERF024', '2025-06-11 19:00:00');
INSERT INTO EVENTS (EVENT_ID, EVENT_TYPE, EVENT_NAME, VENUE_ID, LOCATION, PERFORMER_ID, DATE_AND_TIME) VALUES ('EVT025', 'MUSICAL', 'MUSICAL Event 025', 'VENUE025', 'Chennai', 'PERF025', '2025-06-29 20:00:00');
INSERT INTO EVENTS (EVENT_ID, EVENT_TYPE, EVENT_NAME, VENUE_ID, LOCATION, PERFORMER_ID, DATE_AND_TIME) VALUES ('EVT026', 'COSPLAY', 'COSPLAY Event 026', 'VENUE026', 'Hyderabad', 'PERF026', '2025-07-17 14:30:00');
INSERT INTO EVENTS (EVENT_ID, EVENT_TYPE, EVENT_NAME, VENUE_ID, LOCATION, PERFORMER_ID, DATE_AND_TIME) VALUES ('EVT027', 'DANCE', 'DANCE Event 027', 'VENUE027', 'Kolkata', 'PERF027', '2025-08-04 19:30:00');
INSERT INTO EVENTS (EVENT_ID, EVENT_TYPE, EVENT_NAME, VENUE_ID, LOCATION, PERFORMER_ID, DATE_AND_TIME) VALUES ('EVT028', 'STANDUP', 'STANDUP Event 028', 'VENUE028', 'Pune', 'PERF028', '2025-08-22 21:00:00');
INSERT INTO EVENTS (EVENT_ID, EVENT_TYPE, EVENT_NAME, VENUE_ID, LOCATION, PERFORMER_ID, DATE_AND_TIME) VALUES ('EVT029', 'IPL SCREENING', 'IPL SCREENING Event 029', 'VENUE029', 'Mumbai', 'PERF029', '2025-09-09 18:00:00');
INSERT INTO EVENTS (EVENT_ID, EVENT_TYPE, EVENT_NAME, VENUE_ID, LOCATION, PERFORMER_ID, DATE_AND_TIME) VALUES ('EVT030', 'OPEN MIC', 'OPEN MIC Event 030', 'VENUE030', 'Delhi', 'PERF030', '2025-09-27 19:30:00');
INSERT INTO EVENTS (EVENT_ID, EVENT_TYPE, EVENT_NAME, VENUE_ID, LOCATION, PERFORMER_ID, DATE_AND_TIME) VALUES ('EVT031', 'MUSICAL', 'MUSICAL Event 031', 'VENUE031', 'Bangalore', 'PERF031', '2025-10-15 20:00:00');
INSERT INTO EVENTS (EVENT_ID, EVENT_TYPE, EVENT_NAME, VENUE_ID, LOCATION, PERFORMER_ID, DATE_AND_TIME) VALUES ('EVT032', 'COSPLAY', 'COSPLAY Event 032', 'VENUE032', 'Chennai', 'PERF032', '2025-11-02 15:00:00');
INSERT INTO EVENTS (EVENT_ID, EVENT_TYPE, EVENT_NAME, VENUE_ID, LOCATION, PERFORMER_ID, DATE_AND_TIME) VALUES ('EVT033', 'DANCE', 'DANCE Event 033', 'VENUE033', 'Hyderabad', 'PERF033', '2025-11-20 19:30:00');
INSERT INTO EVENTS (EVENT_ID, EVENT_TYPE, EVENT_NAME, VENUE_ID, LOCATION, PERFORMER_ID, DATE_AND_TIME) VALUES ('EVT034', 'STANDUP', 'STANDUP Event 034', 'VENUE034', 'Kolkata', 'PERF034', '2025-12-08 21:00:00');
INSERT INTO EVENTS (EVENT_ID, EVENT_TYPE, EVENT_NAME, VENUE_ID, LOCATION, PERFORMER_ID, DATE_AND_TIME) VALUES ('EVT035', 'IPL SCREENING', 'IPL SCREENING Event 035', 'VENUE035', 'Pune', 'PERF035', '2025-12-26 17:30:00');
INSERT INTO EVENTS (EVENT_ID, EVENT_TYPE, EVENT_NAME, VENUE_ID, LOCATION, PERFORMER_ID, DATE_AND_TIME) VALUES ('EVT036', 'OPEN MIC', 'OPEN MIC Event 036', 'VENUE036', 'Mumbai', 'PERF036', '2026-01-13 19:00:00');
INSERT INTO EVENTS (EVENT_ID, EVENT_TYPE, EVENT_NAME, VENUE_ID, LOCATION, PERFORMER_ID, DATE_AND_TIME) VALUES ('EVT037', 'MUSICAL', 'MUSICAL Event 037', 'VENUE037', 'Delhi', 'PERF037', '2026-01-31 20:30:00');
INSERT INTO EVENTS (EVENT_ID, EVENT_TYPE, EVENT_NAME, VENUE_ID, LOCATION, PERFORMER_ID, DATE_AND_TIME) VALUES ('EVT038', 'COSPLAY', 'COSPLAY Event 038', 'VENUE038', 'Bangalore', 'PERF038', '2026-02-18 14:30:00');
INSERT INTO EVENTS (EVENT_ID, EVENT_TYPE, EVENT_NAME, VENUE_ID, LOCATION, PERFORMER_ID, DATE_AND_TIME) VALUES ('EVT039', 'DANCE', 'DANCE Event 039', 'VENUE039', 'Chennai', 'PERF039', '2026-03-08 19:00:00');
INSERT INTO EVENTS (EVENT_ID, EVENT_TYPE, EVENT_NAME, VENUE_ID, LOCATION, PERFORMER_ID, DATE_AND_TIME) VALUES ('EVT040', 'STANDUP', 'STANDUP Event 040', 'VENUE040', 'Hyderabad', 'PERF040', '2026-03-26 20:30:00');
INSERT INTO EVENTS (EVENT_ID, EVENT_TYPE, EVENT_NAME, VENUE_ID, LOCATION, PERFORMER_ID, DATE_AND_TIME) VALUES ('EVT041', 'IPL SCREENING', 'IPL SCREENING Event 041', 'VENUE041', 'Kolkata', 'PERF041', '2025-04-22 18:00:00');
INSERT INTO EVENTS (EVENT_ID, EVENT_TYPE, EVENT_NAME, VENUE_ID, LOCATION, PERFORMER_ID, DATE_AND_TIME) VALUES ('EVT042', 'OPEN MIC', 'OPEN MIC Event 042', 'VENUE042', 'Pune', 'PERF042', '2025-05-10 19:30:00');
INSERT INTO EVENTS (EVENT_ID, EVENT_TYPE, EVENT_NAME, VENUE_ID, LOCATION, PERFORMER_ID, DATE_AND_TIME) VALUES ('EVT043', 'MUSICAL', 'MUSICAL Event 043', 'VENUE043', 'Mumbai', 'PERF043', '2025-05-28 20:00:00');
INSERT INTO EVENTS (EVENT_ID, EVENT_TYPE, EVENT_NAME, VENUE_ID, LOCATION, PERFORMER_ID, DATE_AND_TIME) VALUES ('EVT044', 'COSPLAY', 'COSPLAY Event 044', 'VENUE044', 'Delhi', 'PERF044', '2025-06-15 15:00:00');
INSERT INTO EVENTS (EVENT_ID, EVENT_TYPE, EVENT_NAME, VENUE_ID, LOCATION, PERFORMER_ID, DATE_AND_TIME) VALUES ('EVT045', 'DANCE', 'DANCE Event 045', 'VENUE045', 'Delhi', 'PERF045', '2025-11-09 12:06:00');
INSERT INTO EVENTS (EVENT_ID, EVENT_TYPE, EVENT_NAME, VENUE_ID, LOCATION, PERFORMER_ID, DATE_AND_TIME) VALUES ('EVT046', 'STANDUP', 'STANDUP Event 046', 'VENUE046', 'Bangalore', 'PERF046', '2025-11-14 12:06:00');
INSERT INTO EVENTS (EVENT_ID, EVENT_TYPE, EVENT_NAME, VENUE_ID, LOCATION, PERFORMER_ID, DATE_AND_TIME) VALUES ('EVT047', 'IPL SCREENING', 'IPL SCREENING Event 047', 'VENUE047', 'Chennai', 'PERF047', '2025-11-19 12:06:00');
INSERT INTO EVENTS (EVENT_ID, EVENT_TYPE, EVENT_NAME, VENUE_ID, LOCATION, PERFORMER_ID, DATE_AND_TIME) VALUES ('EVT048', 'OPEN MIC', 'OPEN MIC Event 048', 'VENUE048', 'Kolkata', 'PERF048', '2025-11-24 12:06:00');
INSERT INTO EVENTS (EVENT_ID, EVENT_TYPE, EVENT_NAME, VENUE_ID, LOCATION, PERFORMER_ID, DATE_AND_TIME) VALUES ('EVT049', 'MUSICAL', 'MUSICAL Event 049', 'VENUE049', 'Pune', 'PERF049', '2025-11-29 12:06:00');
INSERT INTO EVENTS (EVENT_ID, EVENT_TYPE, EVENT_NAME, VENUE_ID, LOCATION, PERFORMER_ID, DATE_AND_TIME) VALUES ('EVT050', 'COSPLAY', 'COSPLAY Event 050', 'VENUE050', 'Mumbai', 'PERF050', '2025-12-04 12:06:00');
INSERT INTO EVENTS (EVENT_ID, EVENT_TYPE, EVENT_NAME, VENUE_ID, LOCATION, PERFORMER_ID, DATE_AND_TIME) VALUES ('EVT051', 'DANCE', 'DANCE Event 051', 'VENUE051', 'Delhi', 'PERF051', '2025-12-09 12:06:00');
INSERT INTO EVENTS (EVENT_ID, EVENT_TYPE, EVENT_NAME, VENUE_ID, LOCATION, PERFORMER_ID, DATE_AND_TIME) VALUES ('EVT052', 'STANDUP', 'STANDUP Event 052', 'VENUE052', 'Bangalore', 'PERF052', '2025-12-14 12:06:00');
INSERT INTO EVENTS (EVENT_ID, EVENT_TYPE, EVENT_NAME, VENUE_ID, LOCATION, PERFORMER_ID, DATE_AND_TIME) VALUES ('EVT053', 'IPL SCREENING', 'IPL SCREENING Event 053', 'VENUE053', 'Chennai', 'PERF053', '2025-12-19 12:06:00');
INSERT INTO EVENTS (EVENT_ID, EVENT_TYPE, EVENT_NAME, VENUE_ID, LOCATION, PERFORMER_ID, DATE_AND_TIME) VALUES ('EVT054', 'OPEN MIC', 'OPEN MIC Event 054', 'VENUE054', 'Kolkata', 'PERF054', '2025-12-24 12:06:00');
INSERT INTO EVENTS (EVENT_ID, EVENT_TYPE, EVENT_NAME, VENUE_ID, LOCATION, PERFORMER_ID, DATE_AND_TIME) VALUES ('EVT055', 'MUSICAL', 'MUSICAL Event 055', 'VENUE055', 'Pune', 'PERF055', '2025-12-29 12:06:00');
INSERT INTO EVENTS (EVENT_ID, EVENT_TYPE, EVENT_NAME, VENUE_ID, LOCATION, PERFORMER_ID, DATE_AND_TIME) VALUES ('EVT056', 'COSPLAY', 'COSPLAY Event 056', 'VENUE056', 'Mumbai', 'PERF056', '2026-01-03 12:06:00');
INSERT INTO EVENTS (EVENT_ID, EVENT_TYPE, EVENT_NAME, VENUE_ID, LOCATION, PERFORMER_ID, DATE_AND_TIME) VALUES ('EVT057', 'DANCE', 'DANCE Event 057', 'VENUE057', 'Delhi', 'PERF057', '2026-01-08 12:06:00');
INSERT INTO EVENTS (EVENT_ID, EVENT_TYPE, EVENT_NAME, VENUE_ID, LOCATION, PERFORMER_ID, DATE_AND_TIME) VALUES ('EVT058', 'STANDUP', 'STANDUP Event 058', 'VENUE058', 'Bangalore', 'PERF058', '2026-01-13 12:06:00');
INSERT INTO EVENTS (EVENT_ID, EVENT_TYPE, EVENT_NAME, VENUE_ID, LOCATION, PERFORMER_ID, DATE_AND_TIME) VALUES ('EVT059', 'IPL SCREENING', 'IPL SCREENING Event 059', 'VENUE059', 'Chennai', 'PERF059', '2026-01-18 12:06:00');
INSERT INTO EVENTS (EVENT_ID, EVENT_TYPE, EVENT_NAME, VENUE_ID, LOCATION, PERFORMER_ID, DATE_AND_TIME) VALUES ('EVT060', 'OPEN MIC', 'OPEN MIC Event 060', 'VENUE060', 'Kolkata', 'PERF060', '2026-01-23 12:06:00');
INSERT INTO EVENTS (EVENT_ID, EVENT_TYPE, EVENT_NAME, VENUE_ID, LOCATION, PERFORMER_ID, DATE_AND_TIME) VALUES ('EVT061', 'MUSICAL', 'MUSICAL Event 061', 'VENUE061', 'Pune', 'PERF061', '2026-01-28 12:06:00');
INSERT INTO EVENTS (EVENT_ID, EVENT_TYPE, EVENT_NAME, VENUE_ID, LOCATION, PERFORMER_ID, DATE_AND_TIME) VALUES ('EVT062', 'COSPLAY', 'COSPLAY Event 062', 'VENUE062', 'Mumbai', 'PERF062', '2026-02-02 12:06:00');
INSERT INTO EVENTS (EVENT_ID, EVENT_TYPE, EVENT_NAME, VENUE_ID, LOCATION, PERFORMER_ID, DATE_AND_TIME) VALUES ('EVT063', 'DANCE', 'DANCE Event 063', 'VENUE063', 'Delhi', 'PERF063', '2026-02-07 12:06:00');
INSERT INTO EVENTS (EVENT_ID, EVENT_TYPE, EVENT_NAME, VENUE_ID, LOCATION, PERFORMER_ID, DATE_AND_TIME) VALUES ('EVT064', 'STANDUP', 'STANDUP Event 064', 'VENUE064', 'Bangalore', 'PERF064', '2026-02-12 12:06:00');
INSERT INTO EVENTS (EVENT_ID, EVENT_TYPE, EVENT_NAME, VENUE_ID, LOCATION, PERFORMER_ID, DATE_AND_TIME) VALUES ('EVT065', 'IPL SCREENING', 'IPL SCREENING Event 065', 'VENUE065', 'Chennai', 'PERF065', '2026-02-17 12:06:00');
INSERT INTO EVENTS (EVENT_ID, EVENT_TYPE, EVENT_NAME, VENUE_ID, LOCATION, PERFORMER_ID, DATE_AND_TIME) VALUES ('EVT066', 'OPEN MIC', 'OPEN MIC Event 066', 'VENUE066', 'Kolkata', 'PERF066', '2026-02-22 12:06:00');
INSERT INTO EVENTS (EVENT_ID, EVENT_TYPE, EVENT_NAME, VENUE_ID, LOCATION, PERFORMER_ID, DATE_AND_TIME) VALUES ('EVT067', 'MUSICAL', 'MUSICAL Event 067', 'VENUE067', 'Pune', 'PERF067', '2026-02-27 12:06:00');
INSERT INTO EVENTS (EVENT_ID, EVENT_TYPE, EVENT_NAME, VENUE_ID, LOCATION, PERFORMER_ID, DATE_AND_TIME) VALUES ('EVT068', 'COSPLAY', 'COSPLAY Event 068', 'VENUE068', 'Mumbai', 'PERF068', '2026-03-04 12:06:00');
INSERT INTO EVENTS (EVENT_ID, EVENT_TYPE, EVENT_NAME, VENUE_ID, LOCATION, PERFORMER_ID, DATE_AND_TIME) VALUES ('EVT069', 'DANCE', 'DANCE Event 069', 'VENUE069', 'Delhi', 'PERF069', '2026-03-09 12:06:00');
INSERT INTO EVENTS (EVENT_ID, EVENT_TYPE, EVENT_NAME, VENUE_ID, LOCATION, PERFORMER_ID, DATE_AND_TIME) VALUES ('EVT070', 'STANDUP', 'STANDUP Event 070', 'VENUE070', 'Bangalore', 'PERF070', '2026-03-14 12:06:00');
INSERT INTO EVENTS (EVENT_ID, EVENT_TYPE, EVENT_NAME, VENUE_ID, LOCATION, PERFORMER_ID, DATE_AND_TIME) VALUES ('EVT071', 'IPL SCREENING', 'IPL SCREENING Event 071', 'VENUE071', 'Chennai', 'PERF071', '2026-03-19 12:06:00');
INSERT INTO EVENTS (EVENT_ID, EVENT_TYPE, EVENT_NAME, VENUE_ID, LOCATION, PERFORMER_ID, DATE_AND_TIME) VALUES ('EVT072', 'OPEN MIC', 'OPEN MIC Event 072', 'VENUE072', 'Kolkata', 'PERF072', '2026-03-24 12:06:00');
INSERT INTO EVENTS (EVENT_ID, EVENT_TYPE, EVENT_NAME, VENUE_ID, LOCATION, PERFORMER_ID, DATE_AND_TIME) VALUES ('EVT073', 'MUSICAL', 'MUSICAL Event 073', 'VENUE073', 'Pune', 'PERF073', '2026-03-29 12:06:00');
INSERT INTO EVENTS (EVENT_ID, EVENT_TYPE, EVENT_NAME, VENUE_ID, LOCATION, PERFORMER_ID, DATE_AND_TIME) VALUES ('EVT074', 'COSPLAY', 'COSPLAY Event 074', 'VENUE074', 'Mumbai', 'PERF074', '2026-04-03 12:06:00');
INSERT INTO EVENTS (EVENT_ID, EVENT_TYPE, EVENT_NAME, VENUE_ID, LOCATION, PERFORMER_ID, DATE_AND_TIME) VALUES ('EVT075', 'DANCE', 'DANCE Event 075', 'VENUE075', 'Delhi', 'PERF075', '2026-04-08 12:06:00');
INSERT INTO EVENTS (EVENT_ID, EVENT_TYPE, EVENT_NAME, VENUE_ID, LOCATION, PERFORMER_ID, DATE_AND_TIME) VALUES ('EVT076', 'STANDUP', 'STANDUP Event 076', 'VENUE076', 'Bangalore', 'PERF076', '2026-04-13 12:06:00');
INSERT INTO EVENTS (EVENT_ID, EVENT_TYPE, EVENT_NAME, VENUE_ID, LOCATION, PERFORMER_ID, DATE_AND_TIME) VALUES ('EVT077', 'IPL SCREENING', 'IPL SCREENING Event 077', 'VENUE077', 'Chennai', 'PERF077', '2026-04-18 12:06:00');
INSERT INTO EVENTS (EVENT_ID, EVENT_TYPE, EVENT_NAME, VENUE_ID, LOCATION, PERFORMER_ID, DATE_AND_TIME) VALUES ('EVT078', 'OPEN MIC', 'OPEN MIC Event 078', 'VENUE078', 'Kolkata', 'PERF078', '2026-04-23 12:06:00');
INSERT INTO EVENTS (EVENT_ID, EVENT_TYPE, EVENT_NAME, VENUE_ID, LOCATION, PERFORMER_ID, DATE_AND_TIME) VALUES ('EVT079', 'MUSICAL', 'MUSICAL Event 079', 'VENUE079', 'Pune', 'PERF079', '2026-04-28 12:06:00');
INSERT INTO EVENTS (EVENT_ID, EVENT_TYPE, EVENT_NAME, VENUE_ID, LOCATION, PERFORMER_ID, DATE_AND_TIME) VALUES ('EVT080', 'COSPLAY', 'COSPLAY Event 080', 'VENUE080', 'Mumbai', 'PERF080', '2026-05-03 12:06:00');
INSERT INTO EVENTS (EVENT_ID, EVENT_TYPE, EVENT_NAME, VENUE_ID, LOCATION, PERFORMER_ID, DATE_AND_TIME) VALUES ('EVT081', 'DANCE', 'DANCE Event 081', 'VENUE081', 'Delhi', 'PERF081', '2026-05-08 12:06:00');
INSERT INTO EVENTS (EVENT_ID, EVENT_TYPE, EVENT_NAME, VENUE_ID, LOCATION, PERFORMER_ID, DATE_AND_TIME) VALUES ('EVT082', 'STANDUP', 'STANDUP Event 082', 'VENUE082', 'Bangalore', 'PERF082', '2026-05-13 12:06:00');
INSERT INTO EVENTS (EVENT_ID, EVENT_TYPE, EVENT_NAME, VENUE_ID, LOCATION, PERFORMER_ID, DATE_AND_TIME) VALUES ('EVT083', 'IPL SCREENING', 'IPL SCREENING Event 083', 'VENUE083', 'Chennai', 'PERF083', '2026-05-18 12:06:00');
INSERT INTO EVENTS (EVENT_ID, EVENT_TYPE, EVENT_NAME, VENUE_ID, LOCATION, PERFORMER_ID, DATE_AND_TIME) VALUES ('EVT084', 'OPEN MIC', 'OPEN MIC Event 084', 'VENUE084', 'Kolkata', 'PERF084', '2026-05-23 12:06:00');
INSERT INTO EVENTS (EVENT_ID, EVENT_TYPE, EVENT_NAME, VENUE_ID, LOCATION, PERFORMER_ID, DATE_AND_TIME) VALUES ('EVT085', 'MUSICAL', 'MUSICAL Event 085', 'VENUE085', 'Pune', 'PERF085', '2026-05-28 12:06:00');
INSERT INTO EVENTS (EVENT_ID, EVENT_TYPE, EVENT_NAME, VENUE_ID, LOCATION, PERFORMER_ID, DATE_AND_TIME) VALUES ('EVT086', 'COSPLAY', 'COSPLAY Event 086', 'VENUE086', 'Mumbai', 'PERF086', '2026-06-02 12:06:00');
INSERT INTO EVENTS (EVENT_ID, EVENT_TYPE, EVENT_NAME, VENUE_ID, LOCATION, PERFORMER_ID, DATE_AND_TIME) VALUES ('EVT087', 'DANCE', 'DANCE Event 087', 'VENUE087', 'Delhi', 'PERF087', '2026-06-07 12:06:00');
INSERT INTO EVENTS (EVENT_ID, EVENT_TYPE, EVENT_NAME, VENUE_ID, LOCATION, PERFORMER_ID, DATE_AND_TIME) VALUES ('EVT088', 'STANDUP', 'STANDUP Event 088', 'VENUE088', 'Bangalore', 'PERF088', '2026-06-12 12:06:00');
INSERT INTO EVENTS (EVENT_ID, EVENT_TYPE, EVENT_NAME, VENUE_ID, LOCATION, PERFORMER_ID, DATE_AND_TIME) VALUES ('EVT089', 'IPL SCREENING', 'IPL SCREENING Event 089', 'VENUE089', 'Chennai', 'PERF089', '2026-06-17 12:06:00');
INSERT INTO EVENTS (EVENT_ID, EVENT_TYPE, EVENT_NAME, VENUE_ID, LOCATION, PERFORMER_ID, DATE_AND_TIME) VALUES ('EVT090', 'OPEN MIC', 'OPEN MIC Event 090', 'VENUE090', 'Kolkata', 'PERF090', '2026-06-22 12:06:00');
INSERT INTO EVENTS (EVENT_ID, EVENT_TYPE, EVENT_NAME, VENUE_ID, LOCATION, PERFORMER_ID, DATE_AND_TIME) VALUES ('EVT091', 'MUSICAL', 'MUSICAL Event 091', 'VENUE091', 'Pune', 'PERF091', '2026-06-27 12:06:00');
INSERT INTO EVENTS (EVENT_ID, EVENT_TYPE, EVENT_NAME, VENUE_ID, LOCATION, PERFORMER_ID, DATE_AND_TIME) VALUES ('EVT092', 'COSPLAY', 'COSPLAY Event 092', 'VENUE092', 'Mumbai', 'PERF092', '2026-07-02 12:06:00');
INSERT INTO EVENTS (EVENT_ID, EVENT_TYPE, EVENT_NAME, VENUE_ID, LOCATION, PERFORMER_ID, DATE_AND_TIME) VALUES ('EVT093', 'DANCE', 'DANCE Event 093', 'VENUE093', 'Delhi', 'PERF093', '2026-07-07 12:06:00');
INSERT INTO EVENTS (EVENT_ID, EVENT_TYPE, EVENT_NAME, VENUE_ID, LOCATION, PERFORMER_ID, DATE_AND_TIME) VALUES ('EVT094', 'STANDUP', 'STANDUP Event 094', 'VENUE094', 'Bangalore', 'PERF094', '2026-07-12 12:06:00');
INSERT INTO EVENTS (EVENT_ID, EVENT_TYPE, EVENT_NAME, VENUE_ID, LOCATION, PERFORMER_ID, DATE_AND_TIME) VALUES ('EVT095', 'IPL SCREENING', 'IPL SCREENING Event 095', 'VENUE095', 'Chennai', 'PERF095', '2026-07-17 12:06:00');
INSERT INTO EVENTS (EVENT_ID, EVENT_TYPE, EVENT_NAME, VENUE_ID, LOCATION, PERFORMER_ID, DATE_AND_TIME) VALUES ('EVT096', 'OPEN MIC', 'OPEN MIC Event 096', 'VENUE096', 'Kolkata', 'PERF096', '2026-07-22 12:06:00');
INSERT INTO EVENTS (EVENT_ID, EVENT_TYPE, EVENT_NAME, VENUE_ID, LOCATION, PERFORMER_ID, DATE_AND_TIME) VALUES ('EVT097', 'MUSICAL', 'MUSICAL Event 097', 'VENUE097', 'Pune', 'PERF097', '2026-07-27 12:06:00');
INSERT INTO EVENTS (EVENT_ID, EVENT_TYPE, EVENT_NAME, VENUE_ID, LOCATION, PERFORMER_ID, DATE_AND_TIME) VALUES ('EVT098', 'COSPLAY', 'COSPLAY Event 098', 'VENUE098', 'Mumbai', 'PERF098', '2026-08-01 12:06:00');
INSERT INTO EVENTS (EVENT_ID, EVENT_TYPE, EVENT_NAME, VENUE_ID, LOCATION, PERFORMER_ID, DATE_AND_TIME) VALUES ('EVT099', 'DANCE', 'DANCE Event 099', 'VENUE099', 'Delhi', 'PERF099', '2026-08-06 12:06:00');
INSERT INTO VENUE (VENUE_ID, VENUE_NAME, EVENT_ID, TOTAL_CAPACITY, TOTAL_AVAILABLE) VALUES ('VENUE001', 'Stellar Arena', 'EVT001', 5000, 4500);
INSERT INTO VENUE (VENUE_ID, VENUE_NAME, EVENT_ID, TOTAL_CAPACITY, TOTAL_AVAILABLE) VALUES ('VENUE002', 'Cosmic Hall', 'EVT002', 3000, 2800);
INSERT INTO VENUE (VENUE_ID, VENUE_NAME, EVENT_ID, TOTAL_CAPACITY, TOTAL_AVAILABLE) VALUES ('VENUE003', 'Rhythm Square', 'EVT003', 2000, 1800);
INSERT INTO VENUE (VENUE_ID, VENUE_NAME, EVENT_ID, TOTAL_CAPACITY, TOTAL_AVAILABLE) VALUES ('VENUE004', 'Laughter Lounge', 'EVT004', 500, 450);
INSERT INTO VENUE (VENUE_ID, VENUE_NAME, EVENT_ID, TOTAL_CAPACITY, TOTAL_AVAILABLE) VALUES ('VENUE005', 'Stadium Central', 'EVT005', 10000, 9500);
INSERT INTO VENUE (VENUE_ID, VENUE_NAME, EVENT_ID, TOTAL_CAPACITY, TOTAL_AVAILABLE) VALUES ('VENUE006', 'Harmony House', 'EVT006', 300, 280);
INSERT INTO VENUE (VENUE_ID, VENUE_NAME, EVENT_ID, TOTAL_CAPACITY, TOTAL_AVAILABLE) VALUES ('VENUE007', 'Melody Mansion', 'EVT007', 1500, 1400);
INSERT INTO VENUE (VENUE_ID, VENUE_NAME, EVENT_ID, TOTAL_CAPACITY, TOTAL_AVAILABLE) VALUES ('VENUE008', 'Fantasy Forum', 'EVT008', 2500, 2300);
INSERT INTO VENUE (VENUE_ID, VENUE_NAME, EVENT_ID, TOTAL_CAPACITY, TOTAL_AVAILABLE) VALUES ('VENUE009', 'Groove Garden', 'EVT009', 1000, 950);
INSERT INTO VENUE (VENUE_ID, VENUE_NAME, EVENT_ID, TOTAL_CAPACITY, TOTAL_AVAILABLE) VALUES ('VENUE010', 'Chuckle Chamber', 'EVT010', 400, 380);
INSERT INTO VENUE (VENUE_ID, VENUE_NAME, EVENT_ID, TOTAL_CAPACITY, TOTAL_AVAILABLE) VALUES ('VENUE011', 'Victory Field', 'EVT011', 8000, 7500);
INSERT INTO VENUE (VENUE_ID, VENUE_NAME, EVENT_ID, TOTAL_CAPACITY, TOTAL_AVAILABLE) VALUES ('VENUE012', 'Echo Alley', 'EVT012', 200, 180);
INSERT INTO VENUE (VENUE_ID, VENUE_NAME, EVENT_ID, TOTAL_CAPACITY, TOTAL_AVAILABLE) VALUES ('VENUE013', 'Crescendo Center', 'EVT013', 3500, 3300);
INSERT INTO VENUE (VENUE_ID, VENUE_NAME, EVENT_ID, TOTAL_CAPACITY, TOTAL_AVAILABLE) VALUES ('VENUE014', 'Imaginary Island', 'EVT014', 1800, 1700);
INSERT INTO VENUE (VENUE_ID, VENUE_NAME, EVENT_ID, TOTAL_CAPACITY, TOTAL_AVAILABLE) VALUES ('VENUE015', 'Tempo Tower', 'EVT015', 2200, 2000);
INSERT INTO VENUE (VENUE_ID, VENUE_NAME, EVENT_ID, TOTAL_CAPACITY, TOTAL_AVAILABLE) VALUES ('VENUE016', 'Giggle Gallery', 'EVT016', 600, 550);
INSERT INTO VENUE (VENUE_ID, VENUE_NAME, EVENT_ID, TOTAL_CAPACITY, TOTAL_AVAILABLE) VALUES ('VENUE017', 'Champion Court', 'EVT017', 7000, 6500);
INSERT INTO VENUE (VENUE_ID, VENUE_NAME, EVENT_ID, TOTAL_CAPACITY, TOTAL_AVAILABLE) VALUES ('VENUE018', 'Whisper Woods', 'EVT018', 250, 230);
INSERT INTO VENUE (VENUE_ID, VENUE_NAME, EVENT_ID, TOTAL_CAPACITY, TOTAL_AVAILABLE) VALUES ('VENUE019', 'Sonata Stadium', 'EVT019', 4000, 3800);
INSERT INTO VENUE (VENUE_ID, VENUE_NAME, EVENT_ID, TOTAL_CAPACITY, TOTAL_AVAILABLE) VALUES ('VENUE020', 'Dreamscape Dome', 'EVT020', 3200, 3000);
INSERT INTO VENUE (VENUE_ID, VENUE_NAME, EVENT_ID, TOTAL_CAPACITY, TOTAL_AVAILABLE) VALUES ('VENUE021', 'Pulse Pavilion', 'EVT021', 1700, 1600);
INSERT INTO VENUE (VENUE_ID, VENUE_NAME, EVENT_ID, TOTAL_CAPACITY, TOTAL_AVAILABLE) VALUES ('VENUE022', 'Mirth Manor', 'EVT022', 450, 420);
INSERT INTO VENUE (VENUE_ID, VENUE_NAME, EVENT_ID, TOTAL_CAPACITY, TOTAL_AVAILABLE) VALUES ('VENUE023', 'Triumph Terrace', 'EVT023', 6000, 5700);
INSERT INTO VENUE (VENUE_ID, VENUE_NAME, EVENT_ID, TOTAL_CAPACITY, TOTAL_AVAILABLE) VALUES ('VENUE024', 'Lyric Lane', 'EVT024', 350, 330);
INSERT INTO VENUE (VENUE_ID, VENUE_NAME, EVENT_ID, TOTAL_CAPACITY, TOTAL_AVAILABLE) VALUES ('VENUE025', 'Aria Auditorium', 'EVT025', 2800, 2600);
INSERT INTO VENUE (VENUE_ID, VENUE_NAME, EVENT_ID, TOTAL_CAPACITY, TOTAL_AVAILABLE) VALUES ('VENUE026', 'Whimsy Warehouse', 'EVT026', 2300, 2100);
INSERT INTO VENUE (VENUE_ID, VENUE_NAME, EVENT_ID, TOTAL_CAPACITY, TOTAL_AVAILABLE) VALUES ('VENUE027', 'Rhythm Rotunda', 'EVT027', 1900, 1800);
INSERT INTO VENUE (VENUE_ID, VENUE_NAME, EVENT_ID, TOTAL_CAPACITY, TOTAL_AVAILABLE) VALUES ('VENUE028', 'Jest Junction', 'EVT028', 550, 520);
INSERT INTO VENUE (VENUE_ID, VENUE_NAME, EVENT_ID, TOTAL_CAPACITY, TOTAL_AVAILABLE) VALUES ('VENUE029', 'Victory Vista', 'EVT029', 7500, 7000);
INSERT INTO VENUE (VENUE_ID, VENUE_NAME, EVENT_ID, TOTAL_CAPACITY, TOTAL_AVAILABLE) VALUES ('VENUE030', 'Ballad Balcony', 'EVT030', 280, 260);
INSERT INTO VENUE (VENUE_ID, VENUE_NAME, EVENT_ID, TOTAL_CAPACITY, TOTAL_AVAILABLE) VALUES ('VENUE031', 'Melody Meadow', 'EVT031', 3300, 3100);
INSERT INTO VENUE (VENUE_ID, VENUE_NAME, EVENT_ID, TOTAL_CAPACITY, TOTAL_AVAILABLE) VALUES ('VENUE032', 'Fantasy Fortress', 'EVT032', 2700, 2500);
INSERT INTO VENUE (VENUE_ID, VENUE_NAME, EVENT_ID, TOTAL_CAPACITY, TOTAL_AVAILABLE) VALUES ('VENUE033', 'Boogie Barn', 'EVT033', 1600, 1500);
INSERT INTO VENUE (VENUE_ID, VENUE_NAME, EVENT_ID, TOTAL_CAPACITY, TOTAL_AVAILABLE) VALUES ('VENUE034', 'Chuckle Chateau', 'EVT034', 480, 450);
INSERT INTO VENUE (VENUE_ID, VENUE_NAME, EVENT_ID, TOTAL_CAPACITY, TOTAL_AVAILABLE) VALUES ('VENUE035', 'Champion Coliseum', 'EVT035', 9000, 8500);
INSERT INTO VENUE (VENUE_ID, VENUE_NAME, EVENT_ID, TOTAL_CAPACITY, TOTAL_AVAILABLE) VALUES ('VENUE036', 'Harmony Haven', 'EVT036', 320, 300);
INSERT INTO VENUE (VENUE_ID, VENUE_NAME, EVENT_ID, TOTAL_CAPACITY, TOTAL_AVAILABLE) VALUES ('VENUE037', 'Crescendo Castle', 'EVT037', 3800, 3600);
INSERT INTO VENUE (VENUE_ID, VENUE_NAME, EVENT_ID, TOTAL_CAPACITY, TOTAL_AVAILABLE) VALUES ('VENUE038', 'Wonderland Wharf', 'EVT038', 2100, 2000);
INSERT INTO VENUE (VENUE_ID, VENUE_NAME, EVENT_ID, TOTAL_CAPACITY, TOTAL_AVAILABLE) VALUES ('VENUE039', 'Groove Grotto', 'EVT039', 1400, 1300);
INSERT INTO VENUE (VENUE_ID, VENUE_NAME, EVENT_ID, TOTAL_CAPACITY, TOTAL_AVAILABLE) VALUES ('VENUE040', 'Laugh Loft', 'EVT040', 420, 400);
INSERT INTO VENUE (VENUE_ID, VENUE_NAME, EVENT_ID, TOTAL_CAPACITY, TOTAL_AVAILABLE) VALUES ('VENUE041', 'Triumph Theater', 'EVT041', 5500, 5200);
INSERT INTO VENUE (VENUE_ID, VENUE_NAME, EVENT_ID, TOTAL_CAPACITY, TOTAL_AVAILABLE) VALUES ('VENUE042', 'Whisper Wharf', 'EVT042', 270, 250);
INSERT INTO VENUE (VENUE_ID, VENUE_NAME, EVENT_ID, TOTAL_CAPACITY, TOTAL_AVAILABLE) VALUES ('VENUE043', 'Symphony Square', 'EVT043', 4200, 4000);
INSERT INTO VENUE (VENUE_ID, VENUE_NAME, EVENT_ID, TOTAL_CAPACITY, TOTAL_AVAILABLE) VALUES ('VENUE044', 'Enchanted Emporium', 'EVT044', 2400, 2200);
INSERT INTO VENUE (VENUE_ID, VENUE_NAME, EVENT_ID, TOTAL_CAPACITY, TOTAL_AVAILABLE) VALUES ('VENUE045', 'Beat Boulevard', 'EVT045', 1800, 1700);
INSERT INTO VENUE (VENUE_ID, VENUE_NAME, EVENT_ID, TOTAL_CAPACITY, TOTAL_AVAILABLE) VALUES ('VENUE046', 'Grin Garden', 'EVT046', 520, 500);
INSERT INTO VENUE (VENUE_ID, VENUE_NAME, EVENT_ID, TOTAL_CAPACITY, TOTAL_AVAILABLE) VALUES ('VENUE047', 'Victory Village', 'EVT047', 6500, 6200);
INSERT INTO VENUE (VENUE_ID, VENUE_NAME, EVENT_ID, TOTAL_CAPACITY, TOTAL_AVAILABLE) VALUES ('VENUE048', 'Echo Enclave', 'EVT048', 290, 270);
INSERT INTO VENUE (VENUE_ID, VENUE_NAME, EVENT_ID, TOTAL_CAPACITY, TOTAL_AVAILABLE) VALUES ('VENUE049', 'Rhapsody Ridge', 'EVT049', 3600, 3400);
INSERT INTO VENUE (VENUE_ID, VENUE_NAME, EVENT_ID, TOTAL_CAPACITY, TOTAL_AVAILABLE) VALUES ('VENUE050', 'Mirage Marina', 'EVT050', 2600, 2400);
INSERT INTO VENUE (VENUE_ID, VENUE_NAME, EVENT_ID, TOTAL_CAPACITY, TOTAL_AVAILABLE) VALUES ('VENUE051', 'Tempo Terrace', 'EVT051', 1700, 1600);
INSERT INTO VENUE (VENUE_ID, VENUE_NAME, EVENT_ID, TOTAL_CAPACITY, TOTAL_AVAILABLE) VALUES ('VENUE052', 'Chuckle Cove', 'EVT052', 490, 470);
INSERT INTO VENUE (VENUE_ID, VENUE_NAME, EVENT_ID, TOTAL_CAPACITY, TOTAL_AVAILABLE) VALUES ('VENUE053', 'Champion Chase', 'EVT053', 7200, 6800);
INSERT INTO VENUE (VENUE_ID, VENUE_NAME, EVENT_ID, TOTAL_CAPACITY, TOTAL_AVAILABLE) VALUES ('VENUE054', 'Melody Maze', 'EVT054', 310, 290);
INSERT INTO VENUE (VENUE_ID, VENUE_NAME, EVENT_ID, TOTAL_CAPACITY, TOTAL_AVAILABLE) VALUES ('VENUE055', 'Aria Atrium', 'EVT055', 3900, 3700);
INSERT INTO VENUE (VENUE_ID, VENUE_NAME, EVENT_ID, TOTAL_CAPACITY, TOTAL_AVAILABLE) VALUES ('VENUE056', 'Dreamscape Dell', 'EVT056', 2200, 2100);
INSERT INTO VENUE (VENUE_ID, VENUE_NAME, EVENT_ID, TOTAL_CAPACITY, TOTAL_AVAILABLE) VALUES ('VENUE057', 'Pulse Plaza', 'EVT057', 1500, 1400);
INSERT INTO VENUE (VENUE_ID, VENUE_NAME, EVENT_ID, TOTAL_CAPACITY, TOTAL_AVAILABLE) VALUES ('VENUE058', 'Jest Jetty', 'EVT058', 460, 440);
INSERT INTO VENUE (VENUE_ID, VENUE_NAME, EVENT_ID, TOTAL_CAPACITY, TOTAL_AVAILABLE) VALUES ('VENUE059', 'Victory Vale', 'EVT059', 6800, 6500);
INSERT INTO VENUE (VENUE_ID, VENUE_NAME, EVENT_ID, TOTAL_CAPACITY, TOTAL_AVAILABLE) VALUES ('VENUE060', 'Ballad Bay', 'EVT060', 330, 310);
INSERT INTO VENUE (VENUE_ID, VENUE_NAME, EVENT_ID, TOTAL_CAPACITY, TOTAL_AVAILABLE) VALUES ('VENUE061', 'Sonata Sanctuary', 'EVT061', 4100, 3900);
INSERT INTO VENUE (VENUE_ID, VENUE_NAME, EVENT_ID, TOTAL_CAPACITY, TOTAL_AVAILABLE) VALUES ('VENUE062', 'Whimsy Woods', 'EVT062', 2500, 2300);
INSERT INTO VENUE (VENUE_ID, VENUE_NAME, EVENT_ID, TOTAL_CAPACITY, TOTAL_AVAILABLE) VALUES ('VENUE063', 'Rhythm Reef', 'EVT063', 1600, 1500);
INSERT INTO VENUE (VENUE_ID, VENUE_NAME, EVENT_ID, TOTAL_CAPACITY, TOTAL_AVAILABLE) VALUES ('VENUE064', 'Giggle Grotto', 'EVT064', 510, 490);
INSERT INTO VENUE (VENUE_ID, VENUE_NAME, EVENT_ID, TOTAL_CAPACITY, TOTAL_AVAILABLE) VALUES ('VENUE065', 'Triumph Trail', 'EVT065', 7800, 7400);
INSERT INTO VENUE (VENUE_ID, VENUE_NAME, EVENT_ID, TOTAL_CAPACITY, TOTAL_AVAILABLE) VALUES ('VENUE066', 'Lyric Lagoon', 'EVT066', 340, 320);
INSERT INTO VENUE (VENUE_ID, VENUE_NAME, EVENT_ID, TOTAL_CAPACITY, TOTAL_AVAILABLE) VALUES ('VENUE067', 'Crescendo Cove', 'EVT067', 3700, 3500);
INSERT INTO VENUE (VENUE_ID, VENUE_NAME, EVENT_ID, TOTAL_CAPACITY, TOTAL_AVAILABLE) VALUES ('VENUE068', 'Wonderland Wharf', 'EVT068', 2400, 2200);
INSERT INTO VENUE (VENUE_ID, VENUE_NAME, EVENT_ID, TOTAL_CAPACITY, TOTAL_AVAILABLE) VALUES ('VENUE069', 'Fantasy Field', 'EVT069', 2900, 2700);
INSERT INTO VENUE (VENUE_ID, VENUE_NAME, EVENT_ID, TOTAL_CAPACITY, TOTAL_AVAILABLE) VALUES ('VENUE070', 'Boogie Boardwalk', 'EVT070', 1300, 1200);
INSERT INTO VENUE (VENUE_ID, VENUE_NAME, EVENT_ID, TOTAL_CAPACITY, TOTAL_AVAILABLE) VALUES ('VENUE071', 'Laugh Lounge', 'EVT071', 470, 450);
INSERT INTO VENUE (VENUE_ID, VENUE_NAME, EVENT_ID, TOTAL_CAPACITY, TOTAL_AVAILABLE) VALUES ('VENUE072', 'Champion Courtyard', 'EVT072', 6300, 6000);
INSERT INTO VENUE (VENUE_ID, VENUE_NAME, EVENT_ID, TOTAL_CAPACITY, TOTAL_AVAILABLE) VALUES ('VENUE073', 'Harmony Hall', 'EVT073', 360, 340);
INSERT INTO VENUE (VENUE_ID, VENUE_NAME, EVENT_ID, TOTAL_CAPACITY, TOTAL_AVAILABLE) VALUES ('VENUE074', 'Symphony Sanctuary', 'EVT074', 4300, 4100);
INSERT INTO VENUE (VENUE_ID, VENUE_NAME, EVENT_ID, TOTAL_CAPACITY, TOTAL_AVAILABLE) VALUES ('VENUE075', 'Enchanted Esplanade', 'EVT075', 2800, 2600);
INSERT INTO VENUE (VENUE_ID, VENUE_NAME, EVENT_ID, TOTAL_CAPACITY, TOTAL_AVAILABLE) VALUES ('VENUE076', 'Beat Bazaar', 'EVT076', 1200, 1100);
INSERT INTO VENUE (VENUE_ID, VENUE_NAME, EVENT_ID, TOTAL_CAPACITY, TOTAL_AVAILABLE) VALUES ('VENUE077', 'Grin Gallery', 'EVT077', 530, 510);
INSERT INTO VENUE (VENUE_ID, VENUE_NAME, EVENT_ID, TOTAL_CAPACITY, TOTAL_AVAILABLE) VALUES ('VENUE078', 'Victory Venue', 'EVT078', 8500, 8000);
INSERT INTO VENUE (VENUE_ID, VENUE_NAME, EVENT_ID, TOTAL_CAPACITY, TOTAL_AVAILABLE) VALUES ('VENUE079', 'Echo Estate', 'EVT079', 380, 360);
INSERT INTO VENUE (VENUE_ID, VENUE_NAME, EVENT_ID, TOTAL_CAPACITY, TOTAL_AVAILABLE) VALUES ('VENUE080', 'Rhapsody Room', 'EVT080', 4500, 4300);
INSERT INTO VENUE (VENUE_ID, VENUE_NAME, EVENT_ID, TOTAL_CAPACITY, TOTAL_AVAILABLE) VALUES ('VENUE081', 'Mirage Mansion', 'EVT081', 3100, 2900);
INSERT INTO VENUE (VENUE_ID, VENUE_NAME, EVENT_ID, TOTAL_CAPACITY, TOTAL_AVAILABLE) VALUES ('VENUE082', 'Tempo Theater', 'EVT082', 1100, 1000);
INSERT INTO VENUE (VENUE_ID, VENUE_NAME, EVENT_ID, TOTAL_CAPACITY, TOTAL_AVAILABLE) VALUES ('VENUE083', 'Chuckle Club', 'EVT083', 540, 520);
INSERT INTO VENUE (VENUE_ID, VENUE_NAME, EVENT_ID, TOTAL_CAPACITY, TOTAL_AVAILABLE) VALUES ('VENUE084', 'Champion Colosseum', 'EVT084', 9500, 9000);
INSERT INTO VENUE (VENUE_ID, VENUE_NAME, EVENT_ID, TOTAL_CAPACITY, TOTAL_AVAILABLE) VALUES ('VENUE085', 'Melody Mall', 'EVT085', 400, 380);
INSERT INTO VENUE (VENUE_ID, VENUE_NAME, EVENT_ID, TOTAL_CAPACITY, TOTAL_AVAILABLE) VALUES ('VENUE086', 'Aria Arcade', 'EVT086', 4700, 4500);
INSERT INTO VENUE (VENUE_ID, VENUE_NAME, EVENT_ID, TOTAL_CAPACITY, TOTAL_AVAILABLE) VALUES ('VENUE087', 'Dreamscape Dock', 'EVT087', 3400, 3200);
INSERT INTO VENUE (VENUE_ID, VENUE_NAME, EVENT_ID, TOTAL_CAPACITY, TOTAL_AVAILABLE) VALUES ('VENUE088', 'Pulse Pavilion', 'EVT088', 950, 900);
INSERT INTO VENUE (VENUE_ID, VENUE_NAME, EVENT_ID, TOTAL_CAPACITY, TOTAL_AVAILABLE) VALUES ('VENUE089', 'Jest Junction', 'EVT089', 560, 540);
INSERT INTO VENUE (VENUE_ID, VENUE_NAME, EVENT_ID, TOTAL_CAPACITY, TOTAL_AVAILABLE) VALUES ('VENUE090', 'Victory Valley', 'EVT090', 8200, 7800);
INSERT INTO VENUE (VENUE_ID, VENUE_NAME, EVENT_ID, TOTAL_CAPACITY, TOTAL_AVAILABLE) VALUES ('VENUE091', 'Ballad Boulevard', 'EVT091', 420, 400);
INSERT INTO VENUE (VENUE_ID, VENUE_NAME, EVENT_ID, TOTAL_CAPACITY, TOTAL_AVAILABLE) VALUES ('VENUE092', 'Sonata Station', 'EVT092', 4900, 4700);
INSERT INTO VENUE (VENUE_ID, VENUE_NAME, EVENT_ID, TOTAL_CAPACITY, TOTAL_AVAILABLE) VALUES ('VENUE093', 'Whimsy Waterfront', 'EVT093', 3600, 3400);
INSERT INTO VENUE (VENUE_ID, VENUE_NAME, EVENT_ID, TOTAL_CAPACITY, TOTAL_AVAILABLE) VALUES ('VENUE094', 'Rhythm Ranch', 'EVT094', 850, 800);
INSERT INTO VENUE (VENUE_ID, VENUE_NAME, EVENT_ID, TOTAL_CAPACITY, TOTAL_AVAILABLE) VALUES ('VENUE095', 'Giggle Gardens', 'EVT095', 580, 560);
INSERT INTO VENUE (VENUE_ID, VENUE_NAME, EVENT_ID, TOTAL_CAPACITY, TOTAL_AVAILABLE) VALUES ('VENUE096', 'Triumph Tower', 'EVT096', 7600, 7200);
INSERT INTO VENUE (VENUE_ID, VENUE_NAME, EVENT_ID, TOTAL_CAPACITY, TOTAL_AVAILABLE) VALUES ('VENUE097', 'Lyric Lighthouse', 'EVT097', 440, 420);
INSERT INTO VENUE (VENUE_ID, VENUE_NAME, EVENT_ID, TOTAL_CAPACITY, TOTAL_AVAILABLE) VALUES ('VENUE098', 'Crescendo Commons', 'EVT098', 5100, 4900);
INSERT INTO VENUE (VENUE_ID, VENUE_NAME, EVENT_ID, TOTAL_CAPACITY, TOTAL_AVAILABLE) VALUES ('VENUE099', 'Fantasy Forum', 'EVT099', 3800, 3600);
INSERT INTO VENUE (VENUE_ID, VENUE_NAME, EVENT_ID, TOTAL_CAPACITY, TOTAL_AVAILABLE) VALUES ('VENUE100', 'Boogie Ballroom', 'EVT100', 750, 700);
-- Classes for events 1-33 (3 classes each)
INSERT INTO CLASS (CLASS_ID, CLASS_NAME, TOTAL_SEATS_AVAILABLE, COST, EVENT_ID) VALUES ('CLASS001', 'VIP', 500, 5000.00, 'EVT001');
INSERT INTO CLASS (CLASS_ID, CLASS_NAME, TOTAL_SEATS_AVAILABLE, COST, EVENT_ID) VALUES ('CLASS002', 'PREMIUM', 1500, 3000.00, 'EVT001');
INSERT INTO CLASS (CLASS_ID, CLASS_NAME, TOTAL_SEATS_AVAILABLE, COST, EVENT_ID) VALUES ('CLASS003', 'STANDARD', 2500, 1500.00, 'EVT001');

INSERT INTO CLASS (CLASS_ID, CLASS_NAME, TOTAL_SEATS_AVAILABLE, COST, EVENT_ID) VALUES ('CLASS004', 'VIP', 300, 4500.00, 'EVT002');
INSERT INTO CLASS (CLASS_ID, CLASS_NAME, TOTAL_SEATS_AVAILABLE, COST, EVENT_ID) VALUES ('CLASS005', 'PREMIUM', 1000, 2500.00, 'EVT002');
INSERT INTO CLASS (CLASS_ID, CLASS_NAME, TOTAL_SEATS_AVAILABLE, COST, EVENT_ID) VALUES ('CLASS006', 'STANDARD', 1500, 1200.00, 'EVT002');

INSERT INTO CLASS (CLASS_ID, CLASS_NAME, TOTAL_SEATS_AVAILABLE, COST, EVENT_ID) VALUES ('CLASS007', 'VIP', 200, 4000.00, 'EVT003');
INSERT INTO CLASS (CLASS_ID, CLASS_NAME, TOTAL_SEATS_AVAILABLE, COST, EVENT_ID) VALUES ('CLASS008', 'PREMIUM', 700, 2200.00, 'EVT003');
INSERT INTO CLASS (CLASS_ID, CLASS_NAME, TOTAL_SEATS_AVAILABLE, COST, EVENT_ID) VALUES ('CLASS009', 'STANDARD', 1100, 1000.00, 'EVT003');

INSERT INTO CLASS (CLASS_ID, CLASS_NAME, TOTAL_SEATS_AVAILABLE, COST, EVENT_ID) VALUES ('CLASS010', 'VIP', 50, 3500.00, 'EVT004');
INSERT INTO CLASS (CLASS_ID, CLASS_NAME, TOTAL_SEATS_AVAILABLE, COST, EVENT_ID) VALUES ('CLASS011', 'PREMIUM', 150, 2000.00, 'EVT004');
INSERT INTO CLASS (CLASS_ID, CLASS_NAME, TOTAL_SEATS_AVAILABLE, COST, EVENT_ID) VALUES ('CLASS012', 'STANDARD', 250, 800.00, 'EVT004');

INSERT INTO CLASS (CLASS_ID, CLASS_NAME, TOTAL_SEATS_AVAILABLE, COST, EVENT_ID) VALUES ('CLASS013', 'VIP', 1000, 3000.00, 'EVT005');
INSERT INTO CLASS (CLASS_ID, CLASS_NAME, TOTAL_SEATS_AVAILABLE, COST, EVENT_ID) VALUES ('CLASS014', 'PREMIUM', 3500, 1800.00, 'EVT005');
INSERT INTO CLASS (CLASS_ID, CLASS_NAME, TOTAL_SEATS_AVAILABLE, COST, EVENT_ID) VALUES ('CLASS015', 'STANDARD', 5000, 600.00, 'EVT005');

INSERT INTO CLASS (CLASS_ID, CLASS_NAME, TOTAL_SEATS_AVAILABLE, COST, EVENT_ID) VALUES ('CLASS016', 'VIP', 30, 2500.00, 'EVT006');
INSERT INTO CLASS (CLASS_ID, CLASS_NAME, TOTAL_SEATS_AVAILABLE, COST, EVENT_ID) VALUES ('CLASS017', 'PREMIUM', 100, 1500.00, 'EVT006');
INSERT INTO CLASS (CLASS_ID, CLASS_NAME, TOTAL_SEATS_AVAILABLE, COST, EVENT_ID) VALUES ('CLASS018', 'STANDARD', 150, 500.00, 'EVT006');

INSERT INTO CLASS (CLASS_ID, CLASS_NAME, TOTAL_SEATS_AVAILABLE, COST, EVENT_ID) VALUES ('CLASS019', 'VIP', 150, 4200.00, 'EVT007');
INSERT INTO CLASS (CLASS_ID, CLASS_NAME, TOTAL_SEATS_AVAILABLE, COST, EVENT_ID) VALUES ('CLASS020', 'PREMIUM', 500, 2800.00, 'EVT007');
INSERT INTO CLASS (CLASS_ID, CLASS_NAME, TOTAL_SEATS_AVAILABLE, COST, EVENT_ID) VALUES ('CLASS021', 'STANDARD', 850, 1300.00, 'EVT007');

INSERT INTO CLASS (CLASS_ID, CLASS_NAME, TOTAL_SEATS_AVAILABLE, COST, EVENT_ID) VALUES ('CLASS022', 'VIP', 250, 4800.00, 'EVT008');
INSERT INTO CLASS (CLASS_ID, CLASS_NAME, TOTAL_SEATS_AVAILABLE, COST, EVENT_ID) VALUES ('CLASS023', 'PREMIUM', 800, 3200.00, 'EVT008');
INSERT INTO CLASS (CLASS_ID, CLASS_NAME, TOTAL_SEATS_AVAILABLE, COST, EVENT_ID) VALUES ('CLASS024', 'STANDARD', 1250, 1600.00, 'EVT008');

INSERT INTO CLASS (CLASS_ID, CLASS_NAME, TOTAL_SEATS_AVAILABLE, COST, EVENT_ID) VALUES ('CLASS025', 'VIP', 100, 3800.00, 'EVT009');
INSERT INTO CLASS (CLASS_ID, CLASS_NAME, TOTAL_SEATS_AVAILABLE, COST, EVENT_ID) VALUES ('CLASS026', 'PREMIUM', 350, 2400.00, 'EVT009');
INSERT INTO CLASS (CLASS_ID, CLASS_NAME, TOTAL_SEATS_AVAILABLE, COST, EVENT_ID) VALUES ('CLASS027', 'STANDARD', 550, 1100.00, 'EVT009');

INSERT INTO CLASS (CLASS_ID, CLASS_NAME, TOTAL_SEATS_AVAILABLE, COST, EVENT_ID) VALUES ('CLASS028', 'VIP', 40, 3200.00, 'EVT010');
INSERT INTO CLASS (CLASS_ID, CLASS_NAME, TOTAL_SEATS_AVAILABLE, COST, EVENT_ID) VALUES ('CLASS029', 'PREMIUM', 140, 1900.00, 'EVT010');
INSERT INTO CLASS (CLASS_ID, CLASS_NAME, TOTAL_SEATS_AVAILABLE, COST, EVENT_ID) VALUES ('CLASS030', 'STANDARD', 220, 750.00, 'EVT010');

INSERT INTO CLASS (CLASS_ID, CLASS_NAME, TOTAL_SEATS_AVAILABLE, COST, EVENT_ID) VALUES ('CLASS031', 'VIP', 800, 2800.00, 'EVT011');
INSERT INTO CLASS (CLASS_ID, CLASS_NAME, TOTAL_SEATS_AVAILABLE, COST, EVENT_ID) VALUES ('CLASS032', 'PREMIUM', 2700, 1600.00, 'EVT011');
INSERT INTO CLASS (CLASS_ID, CLASS_NAME, TOTAL_SEATS_AVAILABLE, COST, EVENT_ID) VALUES ('CLASS033', 'STANDARD', 4000, 500.00, 'EVT011');

INSERT INTO CLASS (CLASS_ID, CLASS_NAME, TOTAL_SEATS_AVAILABLE, COST, EVENT_ID) VALUES ('CLASS034', 'VIP', 20, 2200.00, 'EVT012');
INSERT INTO CLASS (CLASS_ID, CLASS_NAME, TOTAL_SEATS_AVAILABLE, COST, EVENT_ID) VALUES ('CLASS035', 'PREMIUM', 70, 1300.00, 'EVT012');
INSERT INTO CLASS (CLASS_ID, CLASS_NAME, TOTAL_SEATS_AVAILABLE, COST, EVENT_ID) VALUES ('CLASS036', 'STANDARD', 110, 450.00, 'EVT012');

INSERT INTO CLASS (CLASS_ID, CLASS_NAME, TOTAL_SEATS_AVAILABLE, COST, EVENT_ID) VALUES ('CLASS037', 'VIP', 350, 4500.00, 'EVT013');
INSERT INTO CLASS (CLASS_ID, CLASS_NAME, TOTAL_SEATS_AVAILABLE, COST, EVENT_ID) VALUES ('CLASS038', 'PREMIUM', 1200, 3000.00, 'EVT013');
INSERT INTO CLASS (CLASS_ID, CLASS_NAME, TOTAL_SEATS_AVAILABLE, COST, EVENT_ID) VALUES ('CLASS039', 'STANDARD', 1950, 1500.00, 'EVT013');

INSERT INTO CLASS (CLASS_ID, CLASS_NAME, TOTAL_SEATS_AVAILABLE, COST, EVENT_ID) VALUES ('CLASS040', 'VIP', 180, 4000.00, 'EVT014');
INSERT INTO CLASS (CLASS_ID, CLASS_NAME, TOTAL_SEATS_AVAILABLE, COST, EVENT_ID) VALUES ('CLASS041', 'PREMIUM', 620, 2600.00, 'EVT014');
INSERT INTO CLASS (CLASS_ID, CLASS_NAME, TOTAL_SEATS_AVAILABLE, COST, EVENT_ID) VALUES ('CLASS042', 'STANDARD', 900, 1200.00, 'EVT014');

INSERT INTO CLASS (CLASS_ID, CLASS_NAME, TOTAL_SEATS_AVAILABLE, COST, EVENT_ID) VALUES ('CLASS043', 'VIP', 220, 3600.00, 'EVT015');
INSERT INTO CLASS (CLASS_ID, CLASS_NAME, TOTAL_SEATS_AVAILABLE, COST, EVENT_ID) VALUES ('CLASS044', 'PREMIUM', 750, 2200.00, 'EVT015');
INSERT INTO CLASS (CLASS_ID, CLASS_NAME, TOTAL_SEATS_AVAILABLE, COST, EVENT_ID) VALUES ('CLASS045', 'STANDARD', 1030, 1000.00, 'EVT015');

INSERT INTO CLASS (CLASS_ID, CLASS_NAME, TOTAL_SEATS_AVAILABLE, COST, EVENT_ID) VALUES ('CLASS046', 'VIP', 60, 3000.00, 'EVT016');
INSERT INTO CLASS (CLASS_ID, CLASS_NAME, TOTAL_SEATS_AVAILABLE, COST, EVENT_ID) VALUES ('CLASS047', 'PREMIUM', 200, 1800.00, 'EVT016');
INSERT INTO CLASS (CLASS_ID, CLASS_NAME, TOTAL_SEATS_AVAILABLE, COST, EVENT_ID) VALUES ('CLASS048', 'STANDARD', 290, 700.00, 'EVT016');

INSERT INTO CLASS (CLASS_ID, CLASS_NAME, TOTAL_SEATS_AVAILABLE, COST, EVENT_ID) VALUES ('CLASS049', 'VIP', 700, 2500.00, 'EVT017');
INSERT INTO CLASS (CLASS_ID, CLASS_NAME, TOTAL_SEATS_AVAILABLE, COST, EVENT_ID) VALUES ('CLASS050', 'PREMIUM', 2300, 1400.00, 'EVT017');
INSERT INTO CLASS (CLASS_ID, CLASS_NAME, TOTAL_SEATS_AVAILABLE, COST, EVENT_ID) VALUES ('CLASS051', 'STANDARD', 3500, 400.00, 'EVT017');

INSERT INTO CLASS (CLASS_ID, CLASS_NAME, TOTAL_SEATS_AVAILABLE, COST, EVENT_ID) VALUES ('CLASS052', 'VIP', 25, 2000.00, 'EVT018');
INSERT INTO CLASS (CLASS_ID, CLASS_NAME, TOTAL_SEATS_AVAILABLE, COST, EVENT_ID) VALUES ('CLASS053', 'PREMIUM', 85, 1200.00, 'EVT018');
INSERT INTO CLASS (CLASS_ID, CLASS_NAME, TOTAL_SEATS_AVAILABLE, COST, EVENT_ID) VALUES ('CLASS054', 'STANDARD', 140, 400.00, 'EVT018');

INSERT INTO CLASS (CLASS_ID, CLASS_NAME, TOTAL_SEATS_AVAILABLE, COST, EVENT_ID) VALUES ('CLASS055', 'VIP', 400, 4300.00, 'EVT019');
INSERT INTO CLASS (CLASS_ID, CLASS_NAME, TOTAL_SEATS_AVAILABLE, COST, EVENT_ID) VALUES ('CLASS056', 'PREMIUM', 1400, 2900.00, 'EVT019');
INSERT INTO CLASS (CLASS_ID, CLASS_NAME, TOTAL_SEATS_AVAILABLE, COST, EVENT_ID) VALUES ('CLASS057', 'STANDARD', 2000, 1400.00, 'EVT019');

INSERT INTO CLASS (CLASS_ID, CLASS_NAME, TOTAL_SEATS_AVAILABLE, COST, EVENT_ID) VALUES ('CLASS058', 'VIP', 230, 3900.00, 'EVT020');
INSERT INTO CLASS (CLASS_ID, CLASS_NAME, TOTAL_SEATS_AVAILABLE, COST, EVENT_ID) VALUES ('CLASS059', 'PREMIUM', 770, 2500.00, 'EVT020');
INSERT INTO CLASS (CLASS_ID, CLASS_NAME, TOTAL_SEATS_AVAILABLE, COST, EVENT_ID) VALUES ('CLASS060', 'STANDARD', 1300, 1100.00, 'EVT020');

INSERT INTO CLASS (CLASS_ID, CLASS_NAME, TOTAL_SEATS_AVAILABLE, COST, EVENT_ID) VALUES ('CLASS061', 'VIP', 170, 3500.00, 'EVT021');
INSERT INTO CLASS (CLASS_ID, CLASS_NAME, TOTAL_SEATS_AVAILABLE, COST, EVENT_ID) VALUES ('CLASS062', 'PREMIUM', 580, 2100.00, 'EVT021');
INSERT INTO CLASS (CLASS_ID, CLASS_NAME, TOTAL_SEATS_AVAILABLE, COST, EVENT_ID) VALUES ('CLASS063', 'STANDARD', 850, 900.00, 'EVT021');

INSERT INTO CLASS (CLASS_ID, CLASS_NAME, TOTAL_SEATS_AVAILABLE, COST, EVENT_ID) VALUES ('CLASS064', 'VIP', 45, 2800.00, 'EVT022');
INSERT INTO CLASS (CLASS_ID, CLASS_NAME, TOTAL_SEATS_AVAILABLE, COST, EVENT_ID) VALUES ('CLASS065', 'PREMIUM', 155, 1700.00, 'EVT022');
INSERT INTO CLASS (CLASS_ID, CLASS_NAME, TOTAL_SEATS_AVAILABLE, COST, EVENT_ID) VALUES ('CLASS066', 'STANDARD', 250, 650.00, 'EVT022');

INSERT INTO CLASS (CLASS_ID, CLASS_NAME, TOTAL_SEATS_AVAILABLE, COST, EVENT_ID) VALUES ('CLASS067', 'VIP', 600, 2300.00, 'EVT023');
INSERT INTO CLASS (CLASS_ID, CLASS_NAME, TOTAL_SEATS_AVAILABLE, COST, EVENT_ID) VALUES ('CLASS068', 'PREMIUM', 2000, 1300.00, 'EVT023');
INSERT INTO CLASS (CLASS_ID, CLASS_NAME, TOTAL_SEATS_AVAILABLE, COST, EVENT_ID) VALUES ('CLASS069', 'STANDARD', 3100, 350.00, 'EVT023');

INSERT INTO CLASS (CLASS_ID, CLASS_NAME, TOTAL_SEATS_AVAILABLE, COST, EVENT_ID) VALUES ('CLASS070', 'VIP', 35, 1900.00, 'EVT024');
INSERT INTO CLASS (CLASS_ID, CLASS_NAME, TOTAL_SEATS_AVAILABLE, COST, EVENT_ID) VALUES ('CLASS071', 'PREMIUM', 115, 1100.00, 'EVT024');
INSERT INTO CLASS (CLASS_ID, CLASS_NAME, TOTAL_SEATS_AVAILABLE, COST, EVENT_ID) VALUES ('CLASS072', 'STANDARD', 200, 350.00, 'EVT024');

INSERT INTO CLASS (CLASS_ID, CLASS_NAME, TOTAL_SEATS_AVAILABLE, COST, EVENT_ID) VALUES ('CLASS073', 'VIP', 280, 4100.00, 'EVT025');
INSERT INTO CLASS (CLASS_ID, CLASS_NAME, TOTAL_SEATS_AVAILABLE, COST, EVENT_ID) VALUES ('CLASS074', 'PREMIUM', 950, 2700.00, 'EVT025');
INSERT INTO CLASS (CLASS_ID, CLASS_NAME, TOTAL_SEATS_AVAILABLE, COST, EVENT_ID) VALUES ('CLASS075', 'STANDARD', 1570, 1300.00, 'EVT025');

INSERT INTO CLASS (CLASS_ID, CLASS_NAME, TOTAL_SEATS_AVAILABLE, COST, EVENT_ID) VALUES ('CLASS076', 'VIP', 240, 3800.00, 'EVT026');
INSERT INTO CLASS (CLASS_ID, CLASS_NAME, TOTAL_SEATS_AVAILABLE, COST, EVENT_ID) VALUES ('CLASS077', 'PREMIUM', 800, 2400.00, 'EVT026');
INSERT INTO CLASS (CLASS_ID, CLASS_NAME, TOTAL_SEATS_AVAILABLE, COST, EVENT_ID) VALUES ('CLASS078', 'STANDARD', 1360, 1000.00, 'EVT026');

INSERT INTO CLASS (CLASS_ID, CLASS_NAME, TOTAL_SEATS_AVAILABLE, COST, EVENT_ID) VALUES ('CLASS079', 'VIP', 190, 3400.00, 'EVT027');
INSERT INTO CLASS (CLASS_ID, CLASS_NAME, TOTAL_SEATS_AVAILABLE, COST, EVENT_ID) VALUES ('CLASS080', 'PREMIUM', 650, 2000.00, 'EVT027');
INSERT INTO CLASS (CLASS_ID, CLASS_NAME, TOTAL_SEATS_AVAILABLE, COST, EVENT_ID) VALUES ('CLASS081', 'STANDARD', 960, 850.00, 'EVT027');

INSERT INTO CLASS (CLASS_ID, CLASS_NAME, TOTAL_SEATS_AVAILABLE, COST, EVENT_ID) VALUES ('CLASS082', 'VIP', 55, 2700.00, 'EVT028');
INSERT INTO CLASS (CLASS_ID, CLASS_NAME, TOTAL_SEATS_AVAILABLE, COST, EVENT_ID) VALUES ('CLASS083', 'PREMIUM', 185, 1600.00, 'EVT028');
INSERT INTO CLASS (CLASS_ID, CLASS_NAME, TOTAL_SEATS_AVAILABLE, COST, EVENT_ID) VALUES ('CLASS084', 'STANDARD', 280, 600.00, 'EVT028');

INSERT INTO CLASS (CLASS_ID, CLASS_NAME, TOTAL_SEATS_AVAILABLE, COST, EVENT_ID) VALUES ('CLASS085', 'VIP', 500, 2200.00, 'EVT029');
INSERT INTO CLASS (CLASS_ID, CLASS_NAME, TOTAL_SEATS_AVAILABLE, COST, EVENT_ID) VALUES ('CLASS086', 'PREMIUM', 1700, 1200.00, 'EVT029');
INSERT INTO CLASS (CLASS_ID, CLASS_NAME, TOTAL_SEATS_AVAILABLE, COST, EVENT_ID) VALUES ('CLASS087', 'STANDARD', 2800, 300.00, 'EVT029');

INSERT INTO CLASS (CLASS_ID, CLASS_NAME, TOTAL_SEATS_AVAILABLE, COST, EVENT_ID) VALUES ('CLASS088', 'VIP', 30, 1800.00, 'EVT030');
INSERT INTO CLASS (CLASS_ID, CLASS_NAME, TOTAL_SEATS_AVAILABLE, COST, EVENT_ID) VALUES ('CLASS089', 'PREMIUM', 100, 1000.00, 'EVT030');
INSERT INTO CLASS (CLASS_ID, CLASS_NAME, TOTAL_SEATS_AVAILABLE, COST, EVENT_ID) VALUES ('CLASS090', 'STANDARD', 150, 300.00, 'EVT030');

INSERT INTO CLASS (CLASS_ID, CLASS_NAME, TOTAL_SEATS_AVAILABLE, COST, EVENT_ID) VALUES ('CLASS091', 'VIP', 320, 4000.00, 'EVT031');
INSERT INTO CLASS (CLASS_ID, CLASS_NAME, TOTAL_SEATS_AVAILABLE, COST, EVENT_ID) VALUES ('CLASS092', 'PREMIUM', 1100, 2600.00, 'EVT031');
INSERT INTO CLASS (CLASS_ID, CLASS_NAME, TOTAL_SEATS_AVAILABLE, COST, EVENT_ID) VALUES ('CLASS093', 'STANDARD', 1680, 1200.00, 'EVT031');

INSERT INTO CLASS (CLASS_ID, CLASS_NAME, TOTAL_SEATS_AVAILABLE, COST, EVENT_ID) VALUES ('CLASS094', 'VIP', 270, 3700.00, 'EVT032');
INSERT INTO CLASS (CLASS_ID, CLASS_NAME, TOTAL_SEATS_AVAILABLE, COST, EVENT_ID) VALUES ('CLASS095', 'PREMIUM', 930, 2300.00, 'EVT032');
INSERT INTO CLASS (CLASS_ID, CLASS_NAME, TOTAL_SEATS_AVAILABLE, COST, EVENT_ID) VALUES ('CLASS096', 'STANDARD', 1500, 950.00, 'EVT032');

INSERT INTO CLASS (CLASS_ID, CLASS_NAME, TOTAL_SEATS_AVAILABLE, COST, EVENT_ID) VALUES ('CLASS097', 'VIP', 210, 3300.00, 'EVT033');
INSERT INTO CLASS (CLASS_ID, CLASS_NAME, TOTAL_SEATS_AVAILABLE, COST, EVENT_ID) VALUES ('CLASS098', 'PREMIUM', 720, 1900.00, 'EVT033');
INSERT INTO CLASS (CLASS_ID, CLASS_NAME, TOTAL_SEATS_AVAILABLE, COST, EVENT_ID) VALUES ('CLASS099', 'STANDARD', 1070, 800.00, 'EVT033');

INSERT INTO CLASS (CLASS_ID, CLASS_NAME, TOTAL_SEATS_AVAILABLE, COST, EVENT_ID) VALUES ('CLASS100', 'VIP', 50, 2600.00, 'EVT034');
INSERT INTO CLASS (CLASS_ID, CLASS_NAME, TOTAL_SEATS_AVAILABLE, COST, EVENT_ID) VALUES ('CLASS101', 'PREMIUM', 170, 1500.00, 'EVT034');
INSERT INTO CLASS (CLASS_ID, CLASS_NAME, TOTAL_SEATS_AVAILABLE, COST, EVENT_ID) VALUES ('CLASS102', 'STANDARD', 260, 550.00, 'EVT034');

INSERT INTO CLASS (CLASS_ID, CLASS_NAME, TOTAL_SEATS_AVAILABLE, COST, EVENT_ID) VALUES ('CLASS103', 'VIP', 750, 2100.00, 'EVT035');
INSERT INTO CLASS (CLASS_ID, CLASS_NAME, TOTAL_SEATS_AVAILABLE, COST, EVENT_ID) VALUES ('CLASS104', 'PREMIUM', 2500, 1100.00, 'EVT035');
INSERT INTO CLASS (CLASS_ID, CLASS_NAME, TOTAL_SEATS_AVAILABLE, COST, EVENT_ID) VALUES ('CLASS105', 'STANDARD', 4250, 250.00, 'EVT035');

INSERT INTO CLASS (CLASS_ID, CLASS_NAME, TOTAL_SEATS_AVAILABLE, COST, EVENT_ID) VALUES ('CLASS106', 'VIP', 40, 1700.00, 'EVT036');
INSERT INTO CLASS (CLASS_ID, CLASS_NAME, TOTAL_SEATS_AVAILABLE, COST, EVENT_ID) VALUES ('CLASS107', 'PREMIUM', 130, 900.00, 'EVT036');
INSERT INTO CLASS (CLASS_ID, CLASS_NAME, TOTAL_SEATS_AVAILABLE, COST, EVENT_ID) VALUES ('CLASS108', 'STANDARD', 190, 250.00, 'EVT036');

INSERT INTO CLASS (CLASS_ID, CLASS_NAME, TOTAL_SEATS_AVAILABLE, COST, EVENT_ID) VALUES ('CLASS109', 'VIP', 380, 3900.00, 'EVT037');
INSERT INTO CLASS (CLASS_ID, CLASS_NAME, TOTAL_SEATS_AVAILABLE, COST, EVENT_ID) VALUES ('CLASS110', 'PREMIUM', 1300, 2500.00, 'EVT037');
INSERT INTO CLASS (CLASS_ID, CLASS_NAME, TOTAL_SEATS_AVAILABLE, COST, EVENT_ID) VALUES ('CLASS111', 'STANDARD', 1920, 1100.00, 'EVT037');

INSERT INTO CLASS (CLASS_ID, CLASS_NAME, TOTAL_SEATS_AVAILABLE, COST, EVENT_ID) VALUES ('CLASS112', 'VIP', 210, 3600.00, 'EVT038');
INSERT INTO CLASS (CLASS_ID, CLASS_NAME, TOTAL_SEATS_AVAILABLE, COST, EVENT_ID) VALUES ('CLASS113', 'PREMIUM', 730, 2200.00, 'EVT038');
INSERT INTO CLASS (CLASS_ID, CLASS_NAME, TOTAL_SEATS_AVAILABLE, COST, EVENT_ID) VALUES ('CLASS114', 'STANDARD', 1160, 900.00, 'EVT038');

INSERT INTO CLASS (CLASS_ID, CLASS_NAME, TOTAL_SEATS_AVAILABLE, COST, EVENT_ID) VALUES ('CLASS115', 'VIP', 140, 3200.00, 'EVT039');
INSERT INTO CLASS (CLASS_ID, CLASS_NAME, TOTAL_SEATS_AVAILABLE, COST, EVENT_ID) VALUES ('CLASS116', 'PREMIUM', 480, 1800.00, 'EVT039');
INSERT INTO CLASS (CLASS_ID, CLASS_NAME, TOTAL_SEATS_AVAILABLE, COST, EVENT_ID) VALUES ('CLASS117', 'STANDARD', 680, 750.00, 'EVT039');

INSERT INTO CLASS (CLASS_ID, CLASS_NAME, TOTAL_SEATS_AVAILABLE, COST, EVENT_ID) VALUES ('CLASS118', 'VIP', 42, 2500.00, 'EVT040');
INSERT INTO CLASS (CLASS_ID, CLASS_NAME, TOTAL_SEATS_AVAILABLE, COST, EVENT_ID) VALUES ('CLASS119', 'PREMIUM', 148, 1400.00, 'EVT040');
INSERT INTO CLASS (CLASS_ID, CLASS_NAME, TOTAL_SEATS_AVAILABLE, COST, EVENT_ID) VALUES ('CLASS120', 'STANDARD', 230, 500.00, 'EVT040');
INSERT INTO CLASS (CLASS_ID, CLASS_NAME, TOTAL_SEATS_AVAILABLE, COST, EVENT_ID) VALUES ('CLASS121', 'VIP', 550, 2000.00, 'EVT041');
INSERT INTO CLASS (CLASS_ID, CLASS_NAME, TOTAL_SEATS_AVAILABLE, COST, EVENT_ID) VALUES ('CLASS122', 'STANDARD', 4650, 200.00, 'EVT041');

INSERT INTO CLASS (CLASS_ID, CLASS_NAME, TOTAL_SEATS_AVAILABLE, COST, EVENT_ID) VALUES ('CLASS123', 'VIP', 70, 1600.00, 'EVT042');
INSERT INTO CLASS (CLASS_ID, CLASS_NAME, TOTAL_SEATS_AVAILABLE, COST, EVENT_ID) VALUES ('CLASS124', 'STANDARD', 180, 200.00, 'EVT042');

INSERT INTO CLASS (CLASS_ID, CLASS_NAME, TOTAL_SEATS_AVAILABLE, COST, EVENT_ID) VALUES ('CLASS125', 'VIP', 420, 3800.00, 'EVT043');
INSERT INTO CLASS (CLASS_ID, CLASS_NAME, TOTAL_SEATS_AVAILABLE, COST, EVENT_ID) VALUES ('CLASS126', 'STANDARD', 3580, 1000.00, 'EVT043');

INSERT INTO CLASS (CLASS_ID, CLASS_NAME, TOTAL_SEATS_AVAILABLE, COST, EVENT_ID) VALUES ('CLASS127', 'VIP', 240, 3500.00, 'EVT044');
INSERT INTO CLASS (CLASS_ID, CLASS_NAME, TOTAL_SEATS_AVAILABLE, COST, EVENT_ID) VALUES ('CLASS128', 'STANDARD', 1960, 850.00, 'EVT044');
INSERT INTO CLASS (CLASS_ID, CLASS_NAME, TOTAL_SEATS_AVAILABLE, COST, EVENT_ID) VALUES ('CLASS129', 'PREMIUM', 500, 2000.00, 'EVT045');
INSERT INTO CLASS (CLASS_ID, CLASS_NAME, TOTAL_SEATS_AVAILABLE, COST, EVENT_ID) VALUES ('CLASS130', 'STANDARD', 1100, 800.00, 'EVT045');

INSERT INTO CLASS (CLASS_ID, CLASS_NAME, TOTAL_SEATS_AVAILABLE, COST, EVENT_ID) VALUES ('CLASS131', 'VIP', 100, 2500.00, 'EVT046');
INSERT INTO CLASS (CLASS_ID, CLASS_NAME, TOTAL_SEATS_AVAILABLE, COST, EVENT_ID) VALUES ('CLASS132', 'STANDARD', 400, 600.00, 'EVT046');

INSERT INTO CLASS (CLASS_ID, CLASS_NAME, TOTAL_SEATS_AVAILABLE, COST, EVENT_ID) VALUES ('CLASS133', 'PREMIUM', 1500, 1800.00, 'EVT047');
INSERT INTO CLASS (CLASS_ID, CLASS_NAME, TOTAL_SEATS_AVAILABLE, COST, EVENT_ID) VALUES ('CLASS134', 'STANDARD', 4700, 500.00, 'EVT047');

INSERT INTO CLASS (CLASS_ID, CLASS_NAME, TOTAL_SEATS_AVAILABLE, COST, EVENT_ID) VALUES ('CLASS135', 'VIP', 60, 1500.00, 'EVT048');
INSERT INTO CLASS (CLASS_ID, CLASS_NAME, TOTAL_SEATS_AVAILABLE, COST, EVENT_ID) VALUES ('CLASS136', 'STANDARD', 210, 300.00, 'EVT048');

INSERT INTO CLASS (CLASS_ID, CLASS_NAME, TOTAL_SEATS_AVAILABLE, COST, EVENT_ID) VALUES ('CLASS137', 'PREMIUM', 900, 2200.00, 'EVT049');
INSERT INTO CLASS (CLASS_ID, CLASS_NAME, TOTAL_SEATS_AVAILABLE, COST, EVENT_ID) VALUES ('CLASS138', 'STANDARD', 2500, 900.00, 'EVT049');

INSERT INTO CLASS (CLASS_ID, CLASS_NAME, TOTAL_SEATS_AVAILABLE, COST, EVENT_ID) VALUES ('CLASS139', 'VIP', 300, 3000.00, 'EVT050');
INSERT INTO CLASS (CLASS_ID, CLASS_NAME, TOTAL_SEATS_AVAILABLE, COST, EVENT_ID) VALUES ('CLASS140', 'STANDARD', 2100, 1000.00, 'EVT050');

INSERT INTO CLASS (CLASS_ID, CLASS_NAME, TOTAL_SEATS_AVAILABLE, COST, EVENT_ID) VALUES ('CLASS141', 'PREMIUM', 400, 1900.00, 'EVT051');
INSERT INTO CLASS (CLASS_ID, CLASS_NAME, TOTAL_SEATS_AVAILABLE, COST, EVENT_ID) VALUES ('CLASS142', 'STANDARD', 1200, 700.00, 'EVT051');

INSERT INTO CLASS (CLASS_ID, CLASS_NAME, TOTAL_SEATS_AVAILABLE, COST, EVENT_ID) VALUES ('CLASS143', 'VIP', 100, 2200.00, 'EVT052');
INSERT INTO CLASS (CLASS_ID, CLASS_NAME, TOTAL_SEATS_AVAILABLE, COST, EVENT_ID) VALUES ('CLASS144', 'STANDARD', 400, 500.00, 'EVT052');

INSERT INTO CLASS (CLASS_ID, CLASS_NAME, TOTAL_SEATS_AVAILABLE, COST, EVENT_ID) VALUES ('CLASS145', 'PREMIUM', 1600, 1700.00, 'EVT053');
INSERT INTO CLASS (CLASS_ID, CLASS_NAME, TOTAL_SEATS_AVAILABLE, COST, EVENT_ID) VALUES ('CLASS146', 'STANDARD', 5200, 400.00, 'EVT053');

INSERT INTO CLASS (CLASS_ID, CLASS_NAME, TOTAL_SEATS_AVAILABLE, COST, EVENT_ID) VALUES ('CLASS147', 'VIP', 70, 1400.00, 'EVT054');
INSERT INTO CLASS (CLASS_ID, CLASS_NAME, TOTAL_SEATS_AVAILABLE, COST, EVENT_ID) VALUES ('CLASS148', 'STANDARD', 240, 250.00, 'EVT054');

INSERT INTO CLASS (CLASS_ID, CLASS_NAME, TOTAL_SEATS_AVAILABLE, COST, EVENT_ID) VALUES ('CLASS149', 'PREMIUM', 850, 2100.00, 'EVT055');
INSERT INTO CLASS (CLASS_ID, CLASS_NAME, TOTAL_SEATS_AVAILABLE, COST, EVENT_ID) VALUES ('CLASS150', 'STANDARD', 2650, 800.00, 'EVT055');

INSERT INTO CLASS (CLASS_ID, CLASS_NAME, TOTAL_SEATS_AVAILABLE, COST, EVENT_ID) VALUES ('CLASS151', 'VIP', 250, 2800.00, 'EVT056');
INSERT INTO CLASS (CLASS_ID, CLASS_NAME, TOTAL_SEATS_AVAILABLE, COST, EVENT_ID) VALUES ('CLASS152', 'STANDARD', 2050, 900.00, 'EVT056');

INSERT INTO CLASS (CLASS_ID, CLASS_NAME, TOTAL_SEATS_AVAILABLE, COST, EVENT_ID) VALUES ('CLASS153', 'PREMIUM', 350, 1800.00, 'EVT057');
INSERT INTO CLASS (CLASS_ID, CLASS_NAME, TOTAL_SEATS_AVAILABLE, COST, EVENT_ID) VALUES ('CLASS154', 'STANDARD', 1050, 600.00, 'EVT057');

INSERT INTO CLASS (CLASS_ID, CLASS_NAME, TOTAL_SEATS_AVAILABLE, COST, EVENT_ID) VALUES ('CLASS155', 'VIP', 90, 2000.00, 'EVT058');
INSERT INTO CLASS (CLASS_ID, CLASS_NAME, TOTAL_SEATS_AVAILABLE, COST, EVENT_ID) VALUES ('CLASS156', 'STANDARD', 350, 450.00, 'EVT058');

INSERT INTO CLASS (CLASS_ID, CLASS_NAME, TOTAL_SEATS_AVAILABLE, COST, EVENT_ID) VALUES ('CLASS157', 'PREMIUM', 1400, 1600.00, 'EVT059');
INSERT INTO CLASS (CLASS_ID, CLASS_NAME, TOTAL_SEATS_AVAILABLE, COST, EVENT_ID) VALUES ('CLASS158', 'STANDARD', 5100, 350.00, 'EVT059');

INSERT INTO CLASS (CLASS_ID, CLASS_NAME, TOTAL_SEATS_AVAILABLE, COST, EVENT_ID) VALUES ('CLASS159', 'VIP', 65, 1300.00, 'EVT060');
INSERT INTO CLASS (CLASS_ID, CLASS_NAME, TOTAL_SEATS_AVAILABLE, COST, EVENT_ID) VALUES ('CLASS160', 'STANDARD', 245, 200.00, 'EVT060');

INSERT INTO CLASS (CLASS_ID, CLASS_NAME, TOTAL_SEATS_AVAILABLE, COST, EVENT_ID) VALUES ('CLASS161', 'PREMIUM', 800, 2000.00, 'EVT061');
INSERT INTO CLASS (CLASS_ID, CLASS_NAME, TOTAL_SEATS_AVAILABLE, COST, EVENT_ID) VALUES ('CLASS162', 'STANDARD', 2700, 750.00, 'EVT061');

INSERT INTO CLASS (CLASS_ID, CLASS_NAME, TOTAL_SEATS_AVAILABLE, COST, EVENT_ID) VALUES ('CLASS163', 'VIP', 280, 2700.00, 'EVT062');
INSERT INTO CLASS (CLASS_ID, CLASS_NAME, TOTAL_SEATS_AVAILABLE, COST, EVENT_ID) VALUES ('CLASS164', 'STANDARD', 2120, 850.00, 'EVT062');

INSERT INTO CLASS (CLASS_ID, CLASS_NAME, TOTAL_SEATS_AVAILABLE, COST, EVENT_ID) VALUES ('CLASS165', 'PREMIUM', 380, 1700.00, 'EVT063');
INSERT INTO CLASS (CLASS_ID, CLASS_NAME, TOTAL_SEATS_AVAILABLE, COST, EVENT_ID) VALUES ('CLASS166', 'STANDARD', 1120, 550.00, 'EVT063');

INSERT INTO CLASS (CLASS_ID, CLASS_NAME, TOTAL_SEATS_AVAILABLE, COST, EVENT_ID) VALUES ('CLASS167', 'VIP', 95, 1900.00, 'EVT064');
INSERT INTO CLASS (CLASS_ID, CLASS_NAME, TOTAL_SEATS_AVAILABLE, COST, EVENT_ID) VALUES ('CLASS168', 'STANDARD', 395, 400.00, 'EVT064');

INSERT INTO CLASS (CLASS_ID, CLASS_NAME, TOTAL_SEATS_AVAILABLE, COST, EVENT_ID) VALUES ('CLASS169', 'PREMIUM', 1500, 1500.00, 'EVT065');
INSERT INTO CLASS (CLASS_ID, CLASS_NAME, TOTAL_SEATS_AVAILABLE, COST, EVENT_ID) VALUES ('CLASS170', 'STANDARD', 5900, 300.00, 'EVT065');

INSERT INTO CLASS (CLASS_ID, CLASS_NAME, TOTAL_SEATS_AVAILABLE, COST, EVENT_ID) VALUES ('CLASS171', 'VIP', 75, 1200.00, 'EVT066');
INSERT INTO CLASS (CLASS_ID, CLASS_NAME, TOTAL_SEATS_AVAILABLE, COST, EVENT_ID) VALUES ('CLASS172', 'STANDARD', 245, 180.00, 'EVT066');

INSERT INTO CLASS (CLASS_ID, CLASS_NAME, TOTAL_SEATS_AVAILABLE, COST, EVENT_ID) VALUES ('CLASS173', 'PREMIUM', 750, 1900.00, 'EVT067');
INSERT INTO CLASS (CLASS_ID, CLASS_NAME, TOTAL_SEATS_AVAILABLE, COST, EVENT_ID) VALUES ('CLASS174', 'STANDARD', 2750, 700.00, 'EVT067');

INSERT INTO CLASS (CLASS_ID, CLASS_NAME, TOTAL_SEATS_AVAILABLE, COST, EVENT_ID) VALUES ('CLASS175', 'VIP', 260, 2600.00, 'EVT068');
INSERT INTO CLASS (CLASS_ID, CLASS_NAME, TOTAL_SEATS_AVAILABLE, COST, EVENT_ID) VALUES ('CLASS176', 'STANDARD', 1940, 800.00, 'EVT068');

INSERT INTO CLASS (CLASS_ID, CLASS_NAME, TOTAL_SEATS_AVAILABLE, COST, EVENT_ID) VALUES ('CLASS177', 'PREMIUM', 600, 1600.00, 'EVT069');
INSERT INTO CLASS (CLASS_ID, CLASS_NAME, TOTAL_SEATS_AVAILABLE, COST, EVENT_ID) VALUES ('CLASS178', 'STANDARD', 2100, 500.00, 'EVT069');

INSERT INTO CLASS (CLASS_ID, CLASS_NAME, TOTAL_SEATS_AVAILABLE, COST, EVENT_ID) VALUES ('CLASS179', 'VIP', 120, 1800.00, 'EVT070');
INSERT INTO CLASS (CLASS_ID, CLASS_NAME, TOTAL_SEATS_AVAILABLE, COST, EVENT_ID) VALUES ('CLASS180', 'STANDARD', 330, 350.00, 'EVT070');

INSERT INTO CLASS (CLASS_ID, CLASS_NAME, TOTAL_SEATS_AVAILABLE, COST, EVENT_ID) VALUES ('CLASS181', 'PREMIUM', 1600, 1400.00, 'EVT071');
INSERT INTO CLASS (CLASS_ID, CLASS_NAME, TOTAL_SEATS_AVAILABLE, COST, EVENT_ID) VALUES ('CLASS182', 'STANDARD', 5800, 250.00, 'EVT071');

INSERT INTO CLASS (CLASS_ID, CLASS_NAME, TOTAL_SEATS_AVAILABLE, COST, EVENT_ID) VALUES ('CLASS183', 'VIP', 80, 1100.00, 'EVT072');
INSERT INTO CLASS (CLASS_ID, CLASS_NAME, TOTAL_SEATS_AVAILABLE, COST, EVENT_ID) VALUES ('CLASS184', 'STANDARD', 260, 160.00, 'EVT072');

INSERT INTO CLASS (CLASS_ID, CLASS_NAME, TOTAL_SEATS_AVAILABLE, COST, EVENT_ID) VALUES ('CLASS185', 'PREMIUM', 700, 1800.00, 'EVT073');
INSERT INTO CLASS (CLASS_ID, CLASS_NAME, TOTAL_SEATS_AVAILABLE, COST, EVENT_ID) VALUES ('CLASS186', 'STANDARD', 2800, 650.00, 'EVT073');

INSERT INTO CLASS (CLASS_ID, CLASS_NAME, TOTAL_SEATS_AVAILABLE, COST, EVENT_ID) VALUES ('CLASS187', 'VIP', 300, 2500.00, 'EVT074');
INSERT INTO CLASS (CLASS_ID, CLASS_NAME, TOTAL_SEATS_AVAILABLE, COST, EVENT_ID) VALUES ('CLASS188', 'STANDARD', 2100, 750.00, 'EVT074');

INSERT INTO CLASS (CLASS_ID, CLASS_NAME, TOTAL_SEATS_AVAILABLE, COST, EVENT_ID) VALUES ('CLASS189', 'PREMIUM', 550, 1500.00, 'EVT075');
INSERT INTO CLASS (CLASS_ID, CLASS_NAME, TOTAL_SEATS_AVAILABLE, COST, EVENT_ID) VALUES ('CLASS190', 'STANDARD', 2050, 450.00, 'EVT075');

INSERT INTO CLASS (CLASS_ID, CLASS_NAME, TOTAL_SEATS_AVAILABLE, COST, EVENT_ID) VALUES ('CLASS191', 'VIP', 110, 1700.00, 'EVT076');
INSERT INTO CLASS (CLASS_ID, CLASS_NAME, TOTAL_SEATS_AVAILABLE, COST, EVENT_ID) VALUES ('CLASS192', 'STANDARD', 340, 300.00, 'EVT076');

INSERT INTO CLASS (CLASS_ID, CLASS_NAME, TOTAL_SEATS_AVAILABLE, COST, EVENT_ID) VALUES ('CLASS193', 'PREMIUM', 1700, 1300.00, 'EVT077');
INSERT INTO CLASS (CLASS_ID, CLASS_NAME, TOTAL_SEATS_AVAILABLE, COST, EVENT_ID) VALUES ('CLASS194', 'STANDARD', 6300, 200.00, 'EVT077');

INSERT INTO CLASS (CLASS_ID, CLASS_NAME, TOTAL_SEATS_AVAILABLE, COST, EVENT_ID) VALUES ('CLASS195', 'VIP', 85, 1000.00, 'EVT078');
INSERT INTO CLASS (CLASS_ID, CLASS_NAME, TOTAL_SEATS_AVAILABLE, COST, EVENT_ID) VALUES ('CLASS196', 'STANDARD', 275, 140.00, 'EVT078');

INSERT INTO CLASS (CLASS_ID, CLASS_NAME, TOTAL_SEATS_AVAILABLE, COST, EVENT_ID) VALUES ('CLASS197', 'PREMIUM', 800, 1700.00, 'EVT079');
INSERT INTO CLASS (CLASS_ID, CLASS_NAME, TOTAL_SEATS_AVAILABLE, COST, EVENT_ID) VALUES ('CLASS198', 'STANDARD', 2900, 600.00, 'EVT079');

INSERT INTO CLASS (CLASS_ID, CLASS_NAME, TOTAL_SEATS_AVAILABLE, COST, EVENT_ID) VALUES ('CLASS199', 'VIP', 320, 2400.00, 'EVT080');
INSERT INTO CLASS (CLASS_ID, CLASS_NAME, TOTAL_SEATS_AVAILABLE, COST, EVENT_ID) VALUES ('CLASS200', 'STANDARD', 2180, 700.00, 'EVT080');
INSERT INTO CLASS (CLASS_ID, CLASS_NAME, TOTAL_SEATS_AVAILABLE, COST, EVENT_ID) VALUES ('CLASS201', 'PREMIUM', 500, 1400.00, 'EVT081');
INSERT INTO CLASS (CLASS_ID, CLASS_NAME, TOTAL_SEATS_AVAILABLE, COST, EVENT_ID) VALUES ('CLASS202', 'STANDARD', 2000, 400.00, 'EVT081');

INSERT INTO CLASS (CLASS_ID, CLASS_NAME, TOTAL_SEATS_AVAILABLE, COST, EVENT_ID) VALUES ('CLASS203', 'VIP', 100, 1600.00, 'EVT082');
INSERT INTO CLASS (CLASS_ID, CLASS_NAME, TOTAL_SEATS_AVAILABLE, COST, EVENT_ID) VALUES ('CLASS204', 'STANDARD', 350, 250.00, 'EVT082');

INSERT INTO CLASS (CLASS_ID, CLASS_NAME, TOTAL_SEATS_AVAILABLE, COST, EVENT_ID) VALUES ('CLASS205', 'PREMIUM', 1800, 1200.00, 'EVT083');
INSERT INTO CLASS (CLASS_ID, CLASS_NAME, TOTAL_SEATS_AVAILABLE, COST, EVENT_ID) VALUES ('CLASS206', 'STANDARD', 6700, 180.00, 'EVT083');

INSERT INTO CLASS (CLASS_ID, CLASS_NAME, TOTAL_SEATS_AVAILABLE, COST, EVENT_ID) VALUES ('CLASS207', 'VIP', 90, 900.00, 'EVT084');
INSERT INTO CLASS (CLASS_ID, CLASS_NAME, TOTAL_SEATS_AVAILABLE, COST, EVENT_ID) VALUES ('CLASS208', 'STANDARD', 290, 120.00, 'EVT084');

INSERT INTO CLASS (CLASS_ID, CLASS_NAME, TOTAL_SEATS_AVAILABLE, COST, EVENT_ID) VALUES ('CLASS209', 'PREMIUM', 850, 1600.00, 'EVT085');
INSERT INTO CLASS (CLASS_ID, CLASS_NAME, TOTAL_SEATS_AVAILABLE, COST, EVENT_ID) VALUES ('CLASS210', 'STANDARD', 3050, 550.00, 'EVT085');

INSERT INTO CLASS (CLASS_ID, CLASS_NAME, TOTAL_SEATS_AVAILABLE, COST, EVENT_ID) VALUES ('CLASS211', 'VIP', 340, 2300.00, 'EVT086');
INSERT INTO CLASS (CLASS_ID, CLASS_NAME, TOTAL_SEATS_AVAILABLE, COST, EVENT_ID) VALUES ('CLASS212', 'STANDARD', 2260, 650.00, 'EVT086');

INSERT INTO CLASS (CLASS_ID, CLASS_NAME, TOTAL_SEATS_AVAILABLE, COST, EVENT_ID) VALUES ('CLASS213', 'PREMIUM', 450, 1300.00, 'EVT087');
INSERT INTO CLASS (CLASS_ID, CLASS_NAME, TOTAL_SEATS_AVAILABLE, COST, EVENT_ID) VALUES ('CLASS214', 'STANDARD', 1950, 350.00, 'EVT087');

INSERT INTO CLASS (CLASS_ID, CLASS_NAME, TOTAL_SEATS_AVAILABLE, COST, EVENT_ID) VALUES ('CLASS215', 'VIP', 95, 1500.00, 'EVT088');
INSERT INTO CLASS (CLASS_ID, CLASS_NAME, TOTAL_SEATS_AVAILABLE, COST, EVENT_ID) VALUES ('CLASS216', 'STANDARD', 355, 200.00, 'EVT088');

INSERT INTO CLASS (CLASS_ID, CLASS_NAME, TOTAL_SEATS_AVAILABLE, COST, EVENT_ID) VALUES ('CLASS217', 'PREMIUM', 1900, 1100.00, 'EVT089');
INSERT INTO CLASS (CLASS_ID, CLASS_NAME, TOTAL_SEATS_AVAILABLE, COST, EVENT_ID) VALUES ('CLASS218', 'STANDARD', 7100, 150.00, 'EVT089');

INSERT INTO CLASS (CLASS_ID, CLASS_NAME, TOTAL_SEATS_AVAILABLE, COST, EVENT_ID) VALUES ('CLASS219', 'VIP', 95, 800.00, 'EVT090');
INSERT INTO CLASS (CLASS_ID, CLASS_NAME, TOTAL_SEATS_AVAILABLE, COST, EVENT_ID) VALUES ('CLASS220', 'STANDARD', 305, 100.00, 'EVT090');

INSERT INTO CLASS (CLASS_ID, CLASS_NAME, TOTAL_SEATS_AVAILABLE, COST, EVENT_ID) VALUES ('CLASS221', 'PREMIUM', 900, 1500.00, 'EVT091');
INSERT INTO CLASS (CLASS_ID, CLASS_NAME, TOTAL_SEATS_AVAILABLE, COST, EVENT_ID) VALUES ('CLASS222', 'STANDARD', 3200, 500.00, 'EVT091');

INSERT INTO CLASS (CLASS_ID, CLASS_NAME, TOTAL_SEATS_AVAILABLE, COST, EVENT_ID) VALUES ('CLASS223', 'VIP', 360, 2200.00, 'EVT092');
INSERT INTO CLASS (CLASS_ID, CLASS_NAME, TOTAL_SEATS_AVAILABLE, COST, EVENT_ID) VALUES ('CLASS224', 'STANDARD', 2340, 600.00, 'EVT092');

INSERT INTO CLASS (CLASS_ID, CLASS_NAME, TOTAL_SEATS_AVAILABLE, COST, EVENT_ID) VALUES ('CLASS225', 'PREMIUM', 400, 1200.00, 'EVT093');
INSERT INTO CLASS (CLASS_ID, CLASS_NAME, TOTAL_SEATS_AVAILABLE, COST, EVENT_ID) VALUES ('CLASS226', 'STANDARD', 1900, 300.00, 'EVT093');

INSERT INTO CLASS (CLASS_ID, CLASS_NAME, TOTAL_SEATS_AVAILABLE, COST, EVENT_ID) VALUES ('CLASS227', 'VIP', 85, 1400.00, 'EVT094');
INSERT INTO CLASS (CLASS_ID, CLASS_NAME, TOTAL_SEATS_AVAILABLE, COST, EVENT_ID) VALUES ('CLASS228', 'STANDARD', 365, 180.00, 'EVT094');

INSERT INTO CLASS (CLASS_ID, CLASS_NAME, TOTAL_SEATS_AVAILABLE, COST, EVENT_ID) VALUES ('CLASS229', 'PREMIUM', 2000, 1000.00, 'EVT095');
INSERT INTO CLASS (CLASS_ID, CLASS_NAME, TOTAL_SEATS_AVAILABLE, COST, EVENT_ID) VALUES ('CLASS230', 'STANDARD', 7500, 120.00, 'EVT095');

INSERT INTO CLASS (CLASS_ID, CLASS_NAME, TOTAL_SEATS_AVAILABLE, COST, EVENT_ID) VALUES ('CLASS231', 'VIP', 100, 700.00, 'EVT096');
INSERT INTO CLASS (CLASS_ID, CLASS_NAME, TOTAL_SEATS_AVAILABLE, COST, EVENT_ID) VALUES ('CLASS232', 'STANDARD', 320, 80.00, 'EVT096');

INSERT INTO CLASS (CLASS_ID, CLASS_NAME, TOTAL_SEATS_AVAILABLE, COST, EVENT_ID) VALUES ('CLASS233', 'PREMIUM', 950, 1400.00, 'EVT097');
INSERT INTO CLASS (CLASS_ID, CLASS_NAME, TOTAL_SEATS_AVAILABLE, COST, EVENT_ID) VALUES ('CLASS234', 'STANDARD', 3350, 450.00, 'EVT097');

INSERT INTO CLASS (CLASS_ID, CLASS_NAME, TOTAL_SEATS_AVAILABLE, COST, EVENT_ID) VALUES ('CLASS235', 'VIP', 380, 2100.00, 'EVT098');
INSERT INTO CLASS (CLASS_ID, CLASS_NAME, TOTAL_SEATS_AVAILABLE, COST, EVENT_ID) VALUES ('CLASS236', 'STANDARD', 2420, 550.00, 'EVT098');

INSERT INTO CLASS (CLASS_ID, CLASS_NAME, TOTAL_SEATS_AVAILABLE, COST, EVENT_ID) VALUES ('CLASS237', 'PREMIUM', 350, 1100.00, 'EVT099');
INSERT INTO CLASS (CLASS_ID, CLASS_NAME, TOTAL_SEATS_AVAILABLE, COST, EVENT_ID) VALUES ('CLASS238', 'STANDARD', 1850, 250.00, 'EVT099');

INSERT INTO CLASS (CLASS_ID, CLASS_NAME, TOTAL_SEATS_AVAILABLE, COST, EVENT_ID) VALUES ('CLASS239', 'VIP', 75, 1300.00, 'EVT100');
INSERT INTO CLASS (CLASS_ID, CLASS_NAME, TOTAL_SEATS_AVAILABLE, COST, EVENT_ID) VALUES ('CLASS240', 'STANDARD', 375, 150.00, 'EVT100');

